# FILTER NAME	FILTER COMMAND	ARGUMENTS	CUSTOMIZED	MORE OPTIONS	LAYERS

# Note: values are tab separated. Filters can be disabled by commenting lines.

# FILTER NAME: name of the filter, including category. Ex.: Black & white / Pencil
# FILTER COMMAND: command of the filter. Ex.: -gimp_pencilbw
# ARGUMENTS: arguments of the filter command. Ex.: 0.3,60,0,0,0
# CUSTOMIZED: DEFAULT for default arguments; CUSTOM for customized arguments.
# MORE OPTIONS: additional options to apply. Ex.: -resize 50%,50%
# LAYERS: how to handle layers (only one image saved as output in all cases):
#         ANIMATED, APPEND (layers one below the other), MERGE,
#         STATIC (the filter doesn't create new layers, so no need to handle any).

########################################################################
##
## Arrays & tiles
##
########################################################################

Arrays & tiles / Annular steiner chain round tiles	-Annular_Steiner_Chain_Round_Tile_en	800,1,0,0,100,0,100,12,0,1,0,0,0,255,0,255,255,0,127,0,0,255,127,0	DEFAULT	NULL	STATIC

Arrays & tiles / Array [faded]	-gimp_array_fade	2,2,0,0,80,90,0,0	DEFAULT	NULL	STATIC

Arrays & tiles / Array [mirrored]	-gimp_array_mirror	1,0,0,2,0,0,0	DEFAULT	NULL	STATIC

Arrays & tiles / Array [random colors]	-gimp_array_color	5,5,0.5	DEFAULT	NULL	STATIC

Arrays & tiles / Array [random]	-array_random	5,5,7,7	DEFAULT	NULL	STATIC

Arrays & tiles / Array [regular]	-gimp_array	2,2,0,0,0,0	DEFAULT	NULL	STATIC

Arrays & tiles / Ascii art	-gimp_asciiart	5," .oO0",16,15,16,2,0,0.2,0,0,"/tmp/gmic","gmic_asciiart.txt"	DEFAULT	NULL	STATIC

Arrays & tiles / Chessboard	-gimp_chessboard	64,64,0,0,0,0.5,0,0,0,255,255,255,255,255,0	DEFAULT	NULL	STATIC

Arrays & tiles / Concentric circles	-Cercles_Concentriques_A_en	800,1,6,0,0,90,1,1,50,1,1,0,0,0,255,0,0,0,0,5,0,0,0,255,255,255,255,0,255,255,0,0,255,0,255,255,255,255,0,255,255,0,1,0,5,0,0	DEFAULT	NULL	STATIC

Arrays & tiles / Dices	-gimp_dices	2,24,1	DEFAULT	NULL	STATIC
Arrays & tiles / Dices	-gimp_dices	2,24,3	CUSTOM	NULL	STATIC

Arrays & tiles / Extract objects	-gimp_extract_objects	0,0,0,20,50,0.3,0,0,1	DEFAULT	NULL	APPEND
Arrays & tiles / Grid [cartesian]	-gimp_imagegrid	10,10	DEFAULT	NULL	STATIC

Arrays & tiles / Grid [hexagonal]	-gimp_imagegrid_hexagonal	32,0.1,1	DEFAULT	NULL	STATIC

Arrays & tiles / Grid [triangular]	-gimp_imagegrid_triangular	10,18,0,255,255,255,128	DEFAULT	NULL	STATIC

Arrays & tiles / Make seamless	-gimp_make_seamless	0,0,3,0	DEFAULT	NULL	STATIC

Arrays & tiles / Ministeck	-gimp_ministeck	8,64,8,2,100,0.3,0	DEFAULT	NULL	STATIC

Arrays & tiles / Montage	-gimp_montage	1,"V(H(0,1),H(2,V(3,4)))",1,0.5,0,0,0,0,0,255,0,0,0,0,0	CUSTOM	NULL	STATIC

Arrays & tiles / Puzzle	-gimp_puzzle	5,5,0.5,0,0,0.3,100,0.2,255,100,0,0,0,0,0,0	DEFAULT	NULL	STATIC

Arrays & tiles / Taquin	-gimp_taquin	7,7,0,50,5,0,0,0,0,255,0	DEFAULT	NULL	STATIC

Arrays & tiles / Tileable rotation	-gimp_rotate_tileable	45,8,0	DEFAULT	NULL	STATIC

Arrays & tiles / Tiled isolation	-gimp_isolate_tiles	10,10,5,5,1,1	DEFAULT	NULL	STATIC

Arrays & tiles / Tiled normalization	-gimp_normalize_tiles	25,25,0,255,11	DEFAULT	NULL	STATIC

Arrays & tiles / Tiled parameterization	-gimp_parameterize_tiles	10,10,0	DEFAULT	NULL	STATIC

Arrays & tiles / Tiled random shifts	-gimp_shift_tiles	10,10,10,1	DEFAULT	NULL	STATIC

Arrays & tiles / Tiled rotation	-gimp_rotate_tiles	5,5,15,3,3,1.8	DEFAULT	NULL	STATIC

########################################################################
##
## Artistic
##
########################################################################

Artistic / Anguish	-samj_Angoisse_en	1,5,0,5,100,2,4,1,250	DEFAULT	NULL	STATIC

Artistic / Aurora	-gcd_aurora	6,1,0	DEFAULT	NULL	STATIC
Artistic / Aurora	-gcd_aurora	6,1,1	CUSTOM	NULL	STATIC

Artistic / Black crayon graffiti	-gimp_crayongraffiti2	300,50,1,0.4,12,1,2,2,0	DEFAULT	NULL	STATIC

Artistic / Blockism	-gimp_blockism	3,1.6,0.5,50,0.5,64,0,1,0	DEFAULT	NULL	STATIC

Artistic / Bokeh	-gimp_bokeh	3,8,0,30,8,4,0.3,0.2,210,210,80,160,0.7,30,20,20,1,2,170,130,20,110,0.15,0	DEFAULT	NULL	MERGE
Artistic / Bokeh	-gimp_bokeh	3,0,0,30,8,4,0.3,0.2,210,210,80,160,0.7,30,20,20,1,2,170,130,20,110,0.15,0	CUSTOM	NULL	MERGE
Artistic / Bokeh	-gimp_bokeh	3,1,0,30,8,4,0.3,0.2,210,210,80,160,0.7,30,20,20,1,2,170,130,20,110,0.15,0	CUSTOM	NULL	MERGE
Artistic / Bokeh	-gimp_bokeh	3,2,0,30,8,4,0.3,0.2,210,210,80,160,0.7,30,20,20,1,2,170,130,20,110,0.15,0	CUSTOM	NULL	MERGE
Artistic / Bokeh	-gimp_bokeh	3,3,0,30,8,4,0.3,0.2,210,210,80,160,0.7,30,20,20,1,2,170,130,20,110,0.15,0	CUSTOM	NULL	MERGE
Artistic / Bokeh	-gimp_bokeh	3,4,0,30,8,4,0.3,0.2,210,210,80,160,0.7,30,20,20,1,2,170,130,20,110,0.15,0	CUSTOM	NULL	MERGE
Artistic / Bokeh	-gimp_bokeh	3,5,0,30,8,4,0.3,0.2,210,210,80,160,0.7,30,20,20,1,2,170,130,20,110,0.15,0	CUSTOM	NULL	MERGE
Artistic / Bokeh	-gimp_bokeh	3,6,0,30,8,4,0.3,0.2,210,210,80,160,0.7,30,20,20,1,2,170,130,20,110,0.15,0	CUSTOM	NULL	MERGE
Artistic / Bokeh	-gimp_bokeh	3,7,0,30,8,4,0.3,0.2,210,210,80,160,0.7,30,20,20,1,2,170,130,20,110,0.15,0	CUSTOM	NULL	MERGE

Artistic / Cartoon	-cartoon	3,200,20,0.25,1.5,8,0	DEFAULT	NULL	STATIC

Artistic / Chalk it up	-samj_en_chalkitup	5,2.5,1.5,50,1,5,5,0,0,7,0.8,1.9,7,0	DEFAULT	NULL	STATIC
Artistic / Chalk it up	-samj_en_chalkitup	5,2.5,1.5,50,1,5,5,1,0,7,0.8,1.9,7,0	CUSTOM	NULL	STATIC
Artistic / Chalk it up	-samj_en_chalkitup	5,2.5,1.5,50,1,0,5,0,0,7,0.8,1.9,7,0	CUSTOM	NULL	STATIC
Artistic / Chalk it up	-samj_en_chalkitup	5,2.5,1.5,50,1,0,5,1,0,7,0.8,1.9,7,0	CUSTOM	NULL	STATIC

Artistic / Circle abstraction	-gimp_circle_abstraction	8,5,0.8,0,1,1,1,0	DEFAULT	NULL	STATIC

Artistic / Color abstraction paint	-gimp_ColorAbstractionPaint	5,10,1,0,1,0,1,0,0,0,0,0,0,0	DEFAULT	NULL	STATIC

Artistic / Colored pencils	-gimp_cpencil	1.3,50,20,2,2,1,0	DEFAULT	NULL	STATIC
Artistic / Colored pencils	-gimp_cpencil	1.3,50,20,2,1,1,0	CUSTOM	NULL	STATIC
Artistic / Colored pencils	-gimp_cpencil	1.3,50,20,2,4,1,0	CUSTOM	NULL	STATIC

Artistic / Cubism	-gimp_cubism	2,50,10,90,0.7,0,0	DEFAULT	NULL	STATIC

Artistic / Cutout	-gimp_cutout	4,0.5,4,1,0	DEFAULT	NULL	STATIC

Artistic / Dream smoothing	-gimp_dreamsmooth	3,1,1,0.8,0,0.8,1,24,0	DEFAULT	NULL	STATIC

Artistic / Ellipsionism	-gimp_ellipsionism	20,10,0.5,0.7,3,0.5,0	DEFAULT	NULL	STATIC

Artistic / Felt pen	-gimp_feltpen	300,50,1,0.1,20,5,0	DEFAULT	NULL	STATIC

Artistic / Finger paint	-gtutor_fpaint	0.5,0.5,0,0,45,0.5,0.5,0.5,0	DEFAULT	NULL	STATIC

Artistic / Fractalize	-fractalize	0.8	DEFAULT	NULL	STATIC

Artistic / Graphic boost	-gimp_graphic_boost4	1.25,2,0,0.15,14,0,1,0.5,0.45,2,0,1,0,1,1,1,0.5,0.45,1	DEFAULT	NULL	STATIC

Artistic / Graphic novel	-gimp_graphic_novelfxl	0,2,6,5,20,0,0.62,14,0,1,0.5,0.78,1.92,0,0,0,1,1,1,0.5,0.8,1.28	DEFAULT	NULL	STATIC

Artistic / Hope poster	-gimp_poster_hope	0,3,0	DEFAULT	NULL	STATIC

Artistic / Kuwahara	-gimp_kuwahara	2,5,0,0,0	DEFAULT	NULL	STATIC

Artistic / Lylejk's painting	-gimp_lylejk_painting	10,2,4,10,0	DEFAULT	NULL	STATIC

Artistic / Make squiggly	-gimp_Squiggly	2,12,0.8,0,0.5,1,0,0,3,0.2,0.4,0,1,1,0	DEFAULT	NULL	STATIC

Artistic / Morphology painting	-gimp_MorphoPaint	1,18,2,25,100,230,8,3,4,0.5,2,0.5,200,1,1,1,1,1,1,1,1,0	DEFAULT	NULL	STATIC

Artistic / Paint daub	-samj_Barbouillage_Paint_Daub_en	2,2,100,0.2,1,4,1,0,8	DEFAULT	NULL	STATIC

Artistic / Painting	-gimp_painting	5,2.5,1.5,50,1,0	DEFAULT	NULL	STATIC

Artistic / Pen drawing	-gimp_pen_drawing	10,0	DEFAULT	NULL	STATIC

Artistic / Photoillustration	-gimp_tk_photoillustration	0,0.25,0,0.3,0.5,0.5,1,0,5,0,1,0,0,1,0,0,1.2,98.5,5,0.5,0,0,0,0,0,1,0	DEFAULT	NULL	STATIC

Artistic / Polygonize [delaunay]	-gimp_delaunay	5,75,1,3,0,0,0,128,1,1,0	DEFAULT	NULL	STATIC
Artistic / Polygonize [delaunay]	-gimp_delaunay	5,75,1,2,0,0,0,128,1,1,0	CUSTOM	NULL	STATIC
Artistic / Polygonize [delaunay]	-gimp_delaunay	5,75,1,4,0,0,0,128,1,1,0	CUSTOM	NULL	STATIC

Artistic / Polygonize [energy]	-gimp_polygonize	300,10,10,10,10,0,0,0,255,0	DEFAULT	NULL	STATIC

Artistic / Poster edges	-gimp_poster_edges	20,60,5,0,10,0,0,0	DEFAULT	NULL	STATIC

Artistic / Posterized dithering	-gimp_pdithered	1,1,0,0,20,1,0,1,0	DEFAULT	NULL	STATIC

Artistic / Rodilius	-gimp_rodilius	10,10,300,5,30,0,1,0,0,0	DEFAULT	NULL	STATIC

Artistic / Shapeism	-gimp_shapeism	2,7,0.38,0,1,5,32,8,3,1,5,0.5,1,0,0,0,255	DEFAULT	NULL	STATIC
Artistic / Shapeism	-gimp_shapeism	0,7,0.38,0,1,5,32,8,3,1,5,0.5,1,0,0,0,255	CUSTOM	NULL	STATIC
Artistic / Shapeism	-gimp_shapeism	1,7,0.38,0,1,5,32,8,3,1,5,0.5,1,0,0,0,255	CUSTOM	NULL	STATIC
Artistic / Shapeism	-gimp_shapeism	3,7,0.38,0,1,5,32,8,3,1,5,0.5,1,0,0,0,255	CUSTOM	NULL	STATIC
Artistic / Shapeism	-gimp_shapeism	4,7,0.38,0,1,5,32,8,3,1,5,0.5,1,0,0,0,255	CUSTOM	NULL	STATIC
Artistic / Shapeism	-gimp_shapeism	5,7,0.38,0,1,5,32,8,3,1,5,0.5,1,0,0,0,255	CUSTOM	NULL	STATIC
Artistic / Shapeism	-gimp_shapeism	6,7,0.38,0,1,5,32,8,3,1,5,0.5,1,0,0,0,255	CUSTOM	NULL	STATIC
Artistic / Shapeism	-gimp_shapeism	7,7,0.38,0,1,5,32,8,3,1,5,0.5,1,0,0,0,255	CUSTOM	NULL	STATIC

Artistic / Vector painting	-gimp_vector_painting	9,0	DEFAULT	NULL	STATIC

Artistic / Warhol	-warhol	3,3,2,40	DEFAULT	NULL	STATIC

Artistic / Watercolor	-gimp_watercolor	1.8,0.1,1,80,0,0.5,0,0,0,2,0,2,4,2,0,3,3,2,0,4,2,0,0,0,0,0	DEFAULT	NULL	STATIC
Artistic / Watercolor	-gimp_watercolor	1.8,0.1,1,80,0,0.5,1,0,0,2,0,2,4,2,0,3,3,2,0,4,2,0,0,0,0,0	CUSTOM	NULL	STATIC
Artistic / Watercolor	-gimp_watercolor	1.8,0.1,1,80,0,0.5,2,0,0,2,0,2,4,2,0,3,3,2,0,4,2,0,0,0,0,0	CUSTOM	NULL	STATIC

Artistic / Whirl drawing	-draw_whirl	20,0	DEFAULT	NULL	STATIC

########################################################################
##
## Black & white
##
########################################################################

Black & white / B&W stencil	-gimp_stencilbw	10,10,0,0,0	DEFAULT	NULL	STATIC

Black & white / Black & white	-gimp_blackandwhite	0.299,0,0.587,0,0.114,0,0,1,0,0,0,0,0,0,2,0,0,0,16,4,0,0,0	DEFAULT	NULL	STATIC

Black & white / Charcoal	-gimp_charcoal	65,70,170,0,1,0,50,70,255,255,255,0,0,0,0,0	DEFAULT	NULL	STATIC
Black & white / Charcoal	-gimp_charcoal	65,70,170,1,1,0,50,70,255,255,255,0,0,0,0,0	CUSTOM	NULL	STATIC

Black & white / Colorize [with colormap]	-gimp_bwrecolorize	0,1,0,0,0,1,0,5,0,0,0,255,43,25,55,255,158,137,189,255,224,191,228,255,255,255,255,255,255,255,255,255,255,255,255,255,255,255,255,255,0	DEFAULT	NULL	STATIC
Black & white / Colorize [with colormap]	-gimp_bwrecolorize	0,1,0,0,1,1,0,5,0,0,0,255,43,25,55,255,158,137,189,255,224,191,228,255,255,255,255,255,255,255,255,255,255,255,255,255,255,255,255,255,0	CUSTOM	NULL	STATIC
Black & white / Colorize [with colormap]	-gimp_bwrecolorize	0,1,0,0,2,1,0,5,0,0,0,255,43,25,55,255,158,137,189,255,224,191,228,255,255,255,255,255,255,255,255,255,255,255,255,255,255,255,255,255,0	CUSTOM	NULL	STATIC
Black & white / Colorize [with colormap]	-gimp_bwrecolorize	0,1,0,0,3,1,0,5,0,0,0,255,43,25,55,255,158,137,189,255,224,191,228,255,255,255,255,255,255,255,255,255,255,255,255,255,255,255,255,255,0	CUSTOM	NULL	STATIC
Black & white / Colorize [with colormap]	-gimp_bwrecolorize	0,1,0,0,4,1,0,5,0,0,0,255,43,25,55,255,158,137,189,255,224,191,228,255,255,255,255,255,255,255,255,255,255,255,255,255,255,255,255,255,0	CUSTOM	NULL	STATIC

Black & white / Dithering	-gimp_ditheredbw	0,1,0,0,0,0,0	DEFAULT	NULL	STATIC

Black & white / Engrave	-gimp_engrave	0.5,50,0,8,40,0,0,0,10,1,0,0,0,1,0	DEFAULT	NULL	STATIC

Black & white / Hard sketch	-gimp_hardsketchbw	300,50,1,0.1,20,0,0,0	DEFAULT	NULL	STATIC

Black & white / Hough sketch	-gimp_houghsketchbw	1.25,10,5,80,0.1,0,0	DEFAULT	NULL	STATIC

Black & white / Ink wash	-gimp_ink_wash	0.14,23,0,0.5,0.54,2.25,0,2,6,5,20	DEFAULT	NULL	STATIC
Black & white / Ink wash	-gimp_ink_wash	0.14,23,0,0.5,0.54,2.25,1,2,6,5,20	CUSTOM	NULL	STATIC
Black & white / Ink wash	-gimp_ink_wash	0.14,23,0,0.5,0.54,2.25,2,2,6,5,20	CUSTOM	NULL	STATIC
Black & white / Ink wash	-gimp_ink_wash	0.14,23,0,0.5,0.54,2.25,3,2,6,5,20	CUSTOM	NULL	STATIC

Black & white / Multi-layer etch	-gimp_gcd_layeretch	11,4,12,0.12,100,8.5,5,0,0,3,1,1,0	DEFAULT	NULL	STATIC

Black & white / Pencil	-gimp_pencilbw	0.3,60,0,0,0	DEFAULT	NULL	STATIC

Black & white / Pencil portrait	-gimp_pencil_portraitbw	30,120,1,0.5,144,79,21,0	DEFAULT	NULL	STATIC

Black & white / Sketch	-gimp_sketchbw	2,45,180,30,1,0.03,0,0.6,0.1,0.6,0.25,1,0,1,0,0	DEFAULT	NULL	STATIC

Black & white / Stamp	-gimp_stamp	1,50,0,0,0,0,1,0	DEFAULT	NULL	STATIC

Black & white / Threshold etch	-gimp_gcd_etch	125,153,171,185,0.1,50,80,50,10,15,12,20,0,1,0.3,1,0,0	DEFAULT	NULL	STATIC

########################################################################
##
## Colors
##
########################################################################

Colors / Abstraction	-gimp_color_abstraction	1,10,0.2,0	DEFAULT	NULL	STATIC

Colors / Boost chromaticity	-gimp_boost_chroma	0.5,0,0	DEFAULT	NULL	STATIC

Colors / Boost-fade	-gimp_boost_fade	5,0	DEFAULT	NULL	STATIC

Colors / Channel processing	-gimp_channel_processing	0,1,0,0,0,0,100,256,1,0,0,2,0,0	CUSTOM	NULL	STATIC

Colors / Channels to layers	-gimp_channels2layers	0	DEFAULT	NULL	APPEND
Colors / Channels to layers	-gimp_channels2layers	1	CUSTOM	NULL	APPEND
Colors / Channels to layers	-gimp_channels2layers	2	CUSTOM	NULL	APPEND

Colors / CMYK tone	-iain_cmyk_tone_p	0,0,0,0,0,0,0,0,0,0,0,0,0,0,0,0,0,0,0,0,0,0,0,0,0,0,0,0,0,0,0,0,0,0,0,0,0,0,0,0,0,0,0,0,0,0,0,0,255,255,255,255,255,0,0	DEFAULT	NULL	STATIC

Colors / Color balance	-gimp_balance_gamma	128,128,128,1,0	DEFAULT	NULL	STATIC

Colors / Color grading	-jl_colorgrading	0.75,0,1,1,0,0,0,0,0,0,1,0,0,0,70,0,0,0,0,0,70,180,0,1,0,0,0	CUSTOM	NULL	STATIC
Colors / Color grading	-jl_colorgrading	0.75,50,1,1,0,0,0,0,0,0,1,0,0,0,70,0,0,0,0,0,70,180,0,1,0,0,0	CUSTOM	NULL	STATIC
Colors / Color grading	-jl_colorgrading	0.75,-50,1,1,0,0,0,0,0,0,1,0,0,0,70,0,0,0,0,0,70,180,0,1,0,0,0	CUSTOM	NULL	STATIC

Colors / Color temperature	-gimp_tk_colortemp	20,0,0	CUSTOM	NULL	STATIC
Colors / Color temperature	-gimp_tk_colortemp	-20,0,0	CUSTOM	NULL	STATIC

Colors / Colormap	-gimp_colormap	1,1,32,8,0,0,0,255,255,255,255,0,0,0,255,0,0,0,255,255,255,0,255,0,255,0,255,255,0	DEFAULT	NULL	STATIC

Colors / Decompose channels	-gimp_decompose_channels	7,0,1,1	CUSTOM	NULL	APPEND

Colors / Detect skin	-gimp_detect_skin	1,0.5,0.5,1,1,50,50,5,1,0	DEFAULT	NULL	STATIC

Colors / HSL adjustment	-gcd_hsl	1,0,0,180,0.2,0,1,1,0	DEFAULT	NULL	STATIC

Colors / HSV select	-gcd_hsv_select	0,0.5,1,180,0.5,0.5,2,2,18,0,0,0	DEFAULT	NULL	STATIC

Colors / Metallic look	-gimp_tk_metallic	1,0,0,0	DEFAULT	NULL	STATIC

Colors / Sepia	-gimp_sepia	0,1,0,0	DEFAULT	NULL	STATIC

Colors / Tone presets	-iain_tone_presets_p	0,100,0,0	DEFAULT	NULL	STATIC
Colors / Tone presets	-iain_tone_presets_p	1,100,0,0	CUSTOM	NULL	STATIC
Colors / Tone presets	-iain_tone_presets_p	2,100,0,0	CUSTOM	NULL	STATIC
Colors / Tone presets	-iain_tone_presets_p	3,100,0,0	CUSTOM	NULL	STATIC
Colors / Tone presets	-iain_tone_presets_p	4,100,0,0	CUSTOM	NULL	STATIC
Colors / Tone presets	-iain_tone_presets_p	5,100,0,0	CUSTOM	NULL	STATIC
Colors / Tone presets	-iain_tone_presets_p	6,100,0,0	CUSTOM	NULL	STATIC
Colors / Tone presets	-iain_tone_presets_p	7,100,0,0	CUSTOM	NULL	STATIC

Colors / User-defined	-gimp_custom_transform	"i","i + 90*(x/w)*cos(i/10)","i","i","i","i",0	DEFAULT	NULL	STATIC

Colors / Vintage style	-gimp_tk_vintage	2,0.85,0.7,80,200,5,147,26,161,0.3,235,220,176,0.4,190,181,108,0.2,0,0,100,0,0.3,25,0,0	DEFAULT	NULL	STATIC
Colors / Vintage style	-gimp_tk_vintage	2,0.85,0.7,80,200,5,147,26,161,0.3,235,220,176,0.4,190,181,108,0.2,0,0,100,1,0.3,25,0,0	CUSTOM	NULL	STATIC
Colors / Vintage style	-gimp_tk_vintage	2,0.85,0.7,80,200,5,147,26,161,0.3,235,220,176,0.4,190,181,108,0.2,0,0,100,2,0.3,25,0,0	CUSTOM	NULL	STATIC
Colors / Vintage style	-gimp_tk_vintage	2,0.85,0.7,80,200,5,147,26,161,0.3,235,220,176,0.4,190,181,108,0.2,0,0,100,3,0.3,25,0,0	CUSTOM	NULL	STATIC
Colors / Vintage style	-gimp_tk_vintage	2,0.85,0.7,80,200,5,147,26,161,0.3,235,220,176,0.4,190,181,108,0.2,0,0,100,4,0.3,25,0,0	CUSTOM	NULL	STATIC

########################################################################
##
## Contours
##
########################################################################

Contours / Convolve	-gimp_convolve	0,1,"0,1,0;1,-4,1;0,1,0",1,1,0,0	DEFAULT	NULL	STATIC

Contours / Curvature	-gimp_curvature	2,0,100,0,0,0	DEFAULT	NULL	STATIC

Contours / Difference of gaussians	-gimp_dog	1.4,1.5,0,0,0	DEFAULT	NULL	STATIC

Contours / Distance transform	-gimp_distance	128,2,2,32,0	DEFAULT	NULL	STATIC
Contours / Distance transform	-gimp_distance	128,2,1,32,0	CUSTOM	NULL	STATIC
Contours / Distance transform	-gimp_distance	128,0,2,32,0	CUSTOM	NULL	STATIC
Contours / Distance transform	-gimp_distance	128,0,1,32,0	CUSTOM	NULL	STATIC
Contours / Distance transform	-gimp_distance	128,1,2,32,0	CUSTOM	NULL	STATIC
Contours / Distance transform	-gimp_distance	128,3,2,32,0	CUSTOM	NULL	STATIC
Contours / Distance transform	-gimp_distance	128,3,0,32,0	CUSTOM	NULL	STATIC

Contours / Edges	-gimp_edges	0,15,0,0	DEFAULT	NULL	STATIC

Contours / Edges offsets	-gimp_edge_offsets	0,15,4,1,0,0	DEFAULT	NULL	STATIC

Contours / Gradient norm	-gimp_gradient_norm	0,0.5,0,100,0,0	DEFAULT	NULL	STATIC

Contours / Gradient RGB	-gimp_gradient2rgb	0,0,100,0,0,0	DEFAULT	NULL	STATIC
Contours / Gradient RGB	-gimp_gradient2rgb	0,0,100,1,0,0	CUSTOM	NULL	STATIC

Contours / Isophotes	-gimp_isophotes	8,0,1,0	DEFAULT	NULL	STATIC

Contours / Laplacian	-gimp_laplacian	0,0,100,0,0,0	DEFAULT	NULL	STATIC

Contours / Local orientation	-gimp_local_orientation	0,0,100,0,0,0	DEFAULT	NULL	STATIC

Contours / Morphological filter	-gimp_morpho	0,5,0,0,0,0,0	DEFAULT	NULL	STATIC

Contours / Segmentation	-gimp_segment_watershed	2,1,0,0,0	DEFAULT	NULL	STATIC

Contours / Skeleton	-gimp_skeleton	0,0,0,1,0	DEFAULT	NULL	STATIC

Contours / Thin edges	-gimp_thin_edges	0,15,0,0	DEFAULT	NULL	STATIC

########################################################################
##
## Deformations
##
########################################################################

Deformations / Cartesian transform	-gimp_custom_deformation	"(w+h)/20*cos(y*20/h)","(w+h)/20*sin(x*20/w)",1,1,1	DEFAULT	NULL	STATIC

Deformations / Circle transform	-gimp_circle_transform	50,50,-2,-2,0.2,0,1,1,1	DEFAULT	NULL	STATIC
Deformations / Circle transform	-gimp_circle_transform	50,50,-2,-2,0.2,1,1,1,1	CUSTOM	NULL	STATIC
Deformations / Circle transform	-gimp_circle_transform	50,50,-2,-2,0.2,2,1,1,1	CUSTOM	NULL	STATIC

Deformations / Drop water	-gimp_drop_water	0,20,2,80,0,3,35,10,1,0.5,0.25,0.5,0.75,0.05,0.15,1	DEFAULT	NULL	MERGE

Deformations / Euclidean - polar	-gimp_euclidean2polar	50,50,1,1,0	DEFAULT	NULL	STATIC
Deformations / Euclidean - polar	-gimp_euclidean2polar	50,50,1,1,1	CUSTOM	NULL	STATIC

Deformations / Fish-eye	-fisheye	50,50,70,1	DEFAULT	NULL	STATIC

Deformations / Flower	-gimp_flower	30,6,0,0,50,50,1	DEFAULT	NULL	STATIC

Deformations / Kaleidoscope [blended]	-gimp_rotoidoscope	50,50,10,0.5,2	DEFAULT	NULL	STATIC
Deformations / Kaleidoscope [blended]	-gimp_rotoidoscope	50,50,10,0.5,0	CUSTOM	NULL	STATIC
Deformations / Kaleidoscope [blended]	-gimp_rotoidoscope	50,50,10,0.5,1	CUSTOM	NULL	STATIC

Deformations / Kaleidoscope [polar]	-gimp_kaleidoscope	50,50,0,0,100,10,2	DEFAULT	NULL	STATIC

Deformations / Kaleidoscope [symmetry]	-gimp_symmetrizoscope	4,0,1,0	DEFAULT	NULL	STATIC
Deformations / Kaleidoscope [symmetry]	-gimp_symmetrizoscope	4,0,1,1	CUSTOM	NULL	STATIC
Deformations / Kaleidoscope [symmetry]	-gimp_symmetrizoscope	4,0,1,2	CUSTOM	NULL	STATIC

Deformations / Perspective	-gimp_warp_perspective	1.73,0,1,50,50,0,0,2	DEFAULT	NULL	STATIC
Deformations / Perspective	-gimp_warp_perspective	1.73,0,1,50,50,0,0,1	CUSTOM	NULL	STATIC

Deformations / Polar transform	-gimp_transform_polar	0,50,50,"r + R/10*cos(a*5)","a",1	DEFAULT	NULL	STATIC

Deformations / Raindrops	-raindrops	80,0.1,1,0	DEFAULT	NULL	STATIC

Deformations / Random	-deform	10	DEFAULT	NULL	STATIC

Deformations / Reflection	-gimp_reflect	50,1,110,160,190,64,0,1.5,0,-3.3,7,1.5	DEFAULT	NULL	STATIC

Deformations / Ripple	-ripple	10,20,2,0,0	DEFAULT	NULL	STATIC
Deformations / Ripple	-ripple	10,20,0,0,0	CUSTOM	NULL	STATIC
Deformations / Ripple	-ripple	10,20,1,0,0	CUSTOM	NULL	STATIC
Deformations / Ripple	-ripple	10,20,3,0,0	CUSTOM	NULL	STATIC
Deformations / Ripple	-ripple	10,20,4,0,0	CUSTOM	NULL	STATIC

Deformations / Seamcarve	-gimp_seamcarve	85,100,15,0,1	DEFAULT	NULL	STATIC

Deformations / Sphere	-gimp_map_sphere	512,512,90,0.5,0,0,20,0,0,0,0.5	DEFAULT	NULL	STATIC

Deformations / Symmetrize	-gimp_symmetrize	50,50,90,1,0,0	DEFAULT	NULL	STATIC

Deformations / Textured glass	-gimp_textured_glass	40,40,1,1,0,2,0,0	DEFAULT	NULL	STATIC

Deformations / Twirl	-gimp_twirl	1,50,50,1	DEFAULT	NULL	STATIC

Deformations / Water	-water	30,1.5	DEFAULT	NULL	STATIC

Deformations / Wave	-wave	10,0.4,50,50	DEFAULT	NULL	STATIC

Deformations / Wind	-gimp_wind	20,0,0.7,20,1,0,0,0	DEFAULT	NULL	STATIC
Deformations / Wind	-gimp_wind	20,0,0.7,20,0,0,0,0	CUSTOM	NULL	STATIC

Deformations / Zoom	-gimp_zoom	2,50,50,0	DEFAULT	NULL	STATIC

########################################################################
##
## Degradations
##
########################################################################

Degradations / Blur [angular]	-gimp_blur_angular	2,50,50,0,1,7,0	DEFAULT	NULL	STATIC

Degradations / Blur [depth-of-field]	-gimp_blur_dof	3,16,0,0,50,50,30,30,0,1,1,0	DEFAULT	NULL	STATIC

Degradations / Blur [gaussian]	-gimp_gaussian_blur	3,0,0,1,0,0,0	DEFAULT	NULL	STATIC

Degradations / Blur [glow]	-gimp_glow	6,7,0,0	DEFAULT	NULL	STATIC

Degradations / Blur [linear]	-gimp_blur_linear	10,0.5,0,0,1,7,0,0	DEFAULT	NULL	STATIC

Degradations / Blur [radial]	-gimp_blur_radial	3,50,50,0,1,7,0	DEFAULT	NULL	STATIC

Degradations / Chromatic aberrations	-gimp_chromatic_aberrations	255,0,0,2,2,0,255,0,0,0,0	DEFAULT	NULL	STATIC

Degradations / CRT sub-pixels	-gimp_gcd_crt	1.8,1.8,0,0	DEFAULT	NULL	STATIC
Degradations / CRT sub-pixels	-gimp_gcd_crt	1.8,1.8,0,1	CUSTOM	NULL	STATIC

Degradations / Dirty	-gimp_dirty	30,1,0,0,0	DEFAULT	NULL	STATIC
Degradations / Dirty	-gimp_dirty	30,0,0,0,0	CUSTOM	NULL	STATIC

Degradations / Lomo	-gimp_lomo	20,0	DEFAULT	NULL	STATIC

Degradations / Noise [additive]	-gimp_noise	10,0,0,1,0	DEFAULT	NULL	STATIC

Degradations / Noise [spread]	-gimp_spread	4,4,0,0,0	DEFAULT	NULL	STATIC

Degradations / Old-movie stripes	-gimp_stripes_y	10,0,0,0	DEFAULT	NULL	STATIC

Degradations / Oldschool 8bits	-gimp_8bits	25,800,16,0	DEFAULT	NULL	STATIC

Degradations / Rain & snow	-gimp_rain	65,10,50,0.1,1,1,0	DEFAULT	NULL	MERGE

Degradations / Random shade stripes	-gimp_shade_stripes	30,1,0.8,1.3,0,0,0	DEFAULT	NULL	STATIC

Degradations / Scanlines	-gimp_scanlines	60,2,0,0,0,0,0,0	DEFAULT	NULL	STATIC
Degradations / Scanlines	-gimp_scanlines	60,2,1,0,0,0,0,0	CUSTOM	NULL	STATIC
Degradations / Scanlines	-gimp_scanlines	60,2,2,0,0,0,0,0	CUSTOM	NULL	STATIC
Degradations / Scanlines	-gimp_scanlines	60,2,3,0,0,0,0,0	CUSTOM	NULL	STATIC
Degradations / Scanlines	-gimp_scanlines	60,2,4,0,0,0,0,0	CUSTOM	NULL	STATIC

Degradations / Visible watermark	-gimp_watermark_visible	"\251 G'MIC",0.4,50,25,0.5,1	DEFAULT	NULL	STATIC

########################################################################
##
## Details
##
########################################################################

Details / Dynamic range increase	-gimp_tk_dri	0,0,0,1,0.5,1,1,0	DEFAULT	NULL	STATIC

Details / Freaky details	-gimp_freaky_details	2,10,1,11,0,32,0	DEFAULT	NULL	STATIC

Details / High pass	-gimp_highpass	5,2,0,0,0	DEFAULT	NULL	STATIC

Details / Local contrast enhancement	-gimp_LCE	80,0.5,1,1,3,0	DEFAULT	NULL	STATIC

Details / Local normalization	-gimp_normalize_local	2,6,5,20,1,11,0	DEFAULT	NULL	STATIC

Details / Local variance normalization	-jeje_normalize_local_variance	50,5,5,1,3,0	DEFAULT	NULL	STATIC

Details / Make up	-make_up	15,4,0,0,0	DEFAULT	NULL	STATIC
Details / Make up	-make_up	15,4,1,0,0	CUSTOM	NULL	STATIC

Details / Mask creator	-gimp_tk_mask	0,0,0,255,0,1,0,0,1,0	DEFAULT	NULL	STATIC
Details / Mask creator	-gimp_tk_mask	1,0,0,255,0,1,0,0,1,0	CUSTOM	NULL	STATIC
Details / Mask creator	-gimp_tk_mask	2,0,0,255,0,1,0,0,1,0	CUSTOM	NULL	STATIC
Details / Mask creator	-gimp_tk_mask	3,0,0,255,0,1,0,0,1,0	CUSTOM	NULL	STATIC

Details / Mighty details	-gimp_mighty_details	25,1,25,1,11,0	DEFAULT	NULL	STATIC

Details / Portrait retouching	-gimp_tk_portrait	0,100,1,5,20,3,20,10,0,0,1,2,25,2,250,180,150,255,0,0,1,1.5,10,1,0,0,1,1,0,0	DEFAULT	NULL	STATIC
Details / Portrait retouching	-gimp_tk_portrait	1,100,1,5,20,3,20,10,0,0,1,2,25,2,250,180,150,255,0,0,1,1.5,10,1,0,0,1,1,0,0	CUSTOM	NULL	STATIC
Details / Portrait retouching	-gimp_tk_portrait	2,100,1,5,20,3,20,10,0,0,1,2,25,2,250,180,150,255,0,0,1,1.5,10,1,0,0,1,1,0,0	CUSTOM	NULL	STATIC
Details / Portrait retouching	-gimp_tk_portrait	3,100,1,5,20,3,20,10,0,0,1,2,25,2,250,180,150,255,0,0,1,1.5,10,1,0,0,1,1,0,0	CUSTOM	NULL	STATIC
Details / Portrait retouching	-gimp_tk_portrait	4,100,1,5,20,3,20,10,0,0,1,2,25,2,250,180,150,255,0,0,1,1.5,10,1,0,0,1,1,0,0	CUSTOM	NULL	STATIC

Details / Sharpen [deblur]	-gimp_deblur	2,10,20,0.1,1,11,0,24,0	DEFAULT	NULL	STATIC

Details / Sharpen [gold-meinel]	-gimp_unsharp_goldmeinel	1,5,1,1,1,11,0,24,0	DEFAULT	NULL	STATIC

Details / Sharpen [inverse diffusion]	-gimp_sharpen_inversediff	50,2,11,0,24,0	DEFAULT	NULL	STATIC

Details / Sharpen [octave sharpening]	-gimp_unsharp_octave	4,5,3,0,0,0,24,0	DEFAULT	NULL	STATIC

Details / Sharpen [richardson-lucy]	-gimp_unsharp_richardsonlucy	1,10,1,1,0	DEFAULT	NULL	STATIC

Details / Sharpen [shock filters]	-gimp_sharpen_shock	150,0.1,0.8,1.1,1,0,0,24,0	DEFAULT	NULL	STATIC

Details / Sharpen [unsharp mask]	-gimp_unsharp	0,1.25,30,3,0,1,1,1,0,0,0	DEFAULT	NULL	STATIC

Details / Sharpen [whiten]	-jeje_whiten_frequency	50,0,0	DEFAULT	NULL	STATIC

Details / Simple local contrast	-simplelocalcontrast_p	16,2,0,1,1,1,1,1,1,1,1,0	DEFAULT	NULL	STATIC

Details / Split details [alpha]	-gimp_split_details_alpha	6,10,1,5,0	DEFAULT	-resize 50%,50%	APPEND

Details / Split details [layers]	-gimp_split_details_layers	6,10,1,0	DEFAULT	-resize 50%,50%	APPEND

Details / Spotify	-jeje_spotify	1,1,1,1,3,0	DEFAULT	NULL	STATIC

Details / Texture enhance	-iain_texture_enhance_p	2,2,30,0,7,0,0	DEFAULT	NULL	STATIC

Details / Tone mapping	-gimp_map_tones	0.5,0.7,0.1,30,0,0	DEFAULT	NULL	STATIC

Details / Tone mapping [fast]	-gimp_map_tones_fast	3,0.5,11,0	DEFAULT	NULL	STATIC

Details / Yag effect	-gimp_yag_soften	0,0,0	DEFAULT	NULL	STATIC

########################################################################
##
## Film emulation
##
########################################################################

Film emulation / [collages] / B&W films - collage	-gimp_emulate_film_collage_bw	512,4,16,0	DEFAULT	NULL	STATIC

Film emulation / [collages] / Instant - collage [consumer]	-gimp_emulate_film_collage_instant_consumer	512,4,16,0	DEFAULT	NULL	STATIC

Film emulation / [collages] / Instant - collage [pro]	-gimp_emulate_film_collage_instant_pro	512,4,16,0	DEFAULT	NULL	STATIC

Film emulation / [collages] / Negative - collage [color]	-gimp_emulate_film_collage_negative_color	512,4,16,0	DEFAULT	NULL	STATIC

Film emulation / [collages] / Negative - collage [new]	-gimp_emulate_film_collage_negative_new	512,4,16,0	DEFAULT	NULL	STATIC

Film emulation / [collages] / Negative - collage [old]	-gimp_emulate_film_collage_negative_old	512,4,16,0	DEFAULT	NULL	STATIC

Film emulation / [collages] / Print films - collage	-gimp_emulate_film_collage_print	512,4,16,0	DEFAULT	NULL	STATIC

Film emulation / [collages] / Slide - collage [color]	-gimp_emulate_film_collage_colorslide	512,4,16,0	DEFAULT	NULL	STATIC

Film emulation / [collages] / Various - collage	-gimp_emulate_film_collage_various	512,4,16,0	DEFAULT	NULL	STATIC

Film emulation / Add grain	-gimp_emulate_grain	0,1,0.2,100,0,0,1,0,0,0,0,0	DEFAULT	NULL	STATIC

########################################################################
##
## Frames
##
########################################################################

Frames / Droste	-gimp_droste	20,20,80,20,80,80,20,80,1,0,0,0,1,0,1,0,0	DEFAULT	NULL	STATIC

Frames / Frame [blur]	-gimp_frame_blur	30,30,0,5,0,0,128,128,128,0,5,255,255,255,2,2,1,0,0.5,0.5,0	DEFAULT	NULL	STATIC

Frames / Frame [cube]	-frame_cube	3,0,0,0,0,0,0	DEFAULT	NULL	STATIC

Frames / Frame [fuzzy]	-gimp_frame_fuzzy	5,5,10,1,255,255,255,255	DEFAULT	NULL	STATIC

Frames / Frame [painting]	-gimp_frame_painting	10,0.4,6,225,200,120,2,400,50,10,1,0.5,123456,0	DEFAULT	NULL	STATIC

Frames / Frame [pattern]	-gimp_frame_pattern	10,1,1,1	DEFAULT	NULL	STATIC

Frames / Frame [regular]	-gimp_frame	0,100,0,100,10,10,0,0,0,255,1,255,255,255,255	DEFAULT	NULL	STATIC

Frames / Frame [round]	-gimp_frame_round	6,20,0.1,0,255,255,255,255,0,0.1,3	DEFAULT	NULL	STATIC

Frames / Old photograph	-gimp_old_photo	200,50,85	DEFAULT	NULL	STATIC

Frames / Polaroid	-gimp_polaroid	10,20,0,0,3,20,50,70,95	DEFAULT	NULL	STATIC

Frames / Tunnel	-gimp_tunnel	4,80,0.5,0.5,0.2,0	DEFAULT	NULL	STATIC

Frames / Vignette	-gimp_vignette	70,70,95,0,0,0,255	DEFAULT	NULL	STATIC

########################################################################
##
## Frequencies
##
########################################################################

Fequencies / Bandpass	-gimp_bandpass	0.1,100,0,2,0	CUSTOM	NULL	STATIC
Fequencies / Bandpass	-gimp_bandpass	1,100,0,2,0	CUSTOM	NULL	STATIC

Fequencies / Fourier analysis	-gimp_display_fft	NULL	DEFAULT	NULL	APPEND

Fequencies / Fourier transform	-gimp_fourier	0,1	DEFAULT	NULL	STATIC

Fequencies / Fourier watermark	-gimp_watermark_fourier	"(c) G'MIC",53	DEFAULT	NULL	STATIC

########################################################################
##
## Layers
##
########################################################################

Layers / Stroke	-gimp_stroke	3,50,0,2,1,100,0,0,255,255,255,255,255,255,255,255,0,0,0,0,0,0,0,0,1,0	DEFAULT	NULL	MERGE

Layers / Tiles to layers	-split_tiles	3,3,0	DEFAULT	NULL	MERGE

Layers / Tones to layers	-gimp_tones2layers	3,85,170,0.5,0	DEFAULT	NULL	MERGE

########################################################################
##
## Lights & shadows
##
########################################################################

Lights & shadows / Burn	-gimp_burn	0.5,30,1,0,0,0	DEFAULT	NULL	STATIC

Lights & shadows / Contrast swiss mask	-gimp_contrast_swm	2,0,1	DEFAULT	NULL	STATIC

Lights & shadows / Dodge and burn	-gimp_dodgeburn	15,1.5,25,10,40,1.5,25,10,0,0,10,0	DEFAULT	NULL	STATIC

Lights & shadows / Drop shadow	-gimp_drop_shadow	3,3,1.8,0,0,0	DEFAULT	NULL	STATIC

Lights & shadows / Drop shadow 3d	-gimp_drop_shadow3d	0,0,0,0,1,1,2,0.5,0,0,0,200,0	DEFAULT	NULL	MERGE

Lights & shadows / Equalize shadow	-gimp_equalize_shadow	1,0	DEFAULT	NULL	STATIC

Lights & shadows / Light glow	-gimp_lightglow	30,0.5,8,0.8,0,0	DEFAULT	NULL	STATIC
Lights & shadows / Light glow	-gimp_lightglow	30,0.5,0,0.8,0,0	CUSTOM	NULL	STATIC
Lights & shadows / Light glow	-gimp_lightglow	30,0.5,1,0.8,0,0	CUSTOM	NULL	STATIC
Lights & shadows / Light glow	-gimp_lightglow	30,0.5,2,0.8,0,0	CUSTOM	NULL	STATIC
Lights & shadows / Light glow	-gimp_lightglow	30,0.5,3,0.8,0,0	CUSTOM	NULL	STATIC
Lights & shadows / Light glow	-gimp_lightglow	30,0.5,4,0.8,0,0	CUSTOM	NULL	STATIC
Lights & shadows / Light glow	-gimp_lightglow	30,0.5,5,0.8,0,0	CUSTOM	NULL	STATIC
Lights & shadows / Light glow	-gimp_lightglow	30,0.5,6,0.8,0,0	CUSTOM	NULL	STATIC
Lights & shadows / Light glow	-gimp_lightglow	30,0.5,7,0.8,0,0	CUSTOM	NULL	STATIC
Lights & shadows / Light glow	-gimp_lightglow	30,0.5,9,0.8,0,0	CUSTOM	NULL	STATIC
Lights & shadows / Light glow	-gimp_lightglow	30,0.5,10,0.8,0,0	CUSTOM	NULL	STATIC
Lights & shadows / Light glow	-gimp_lightglow	30,0.5,11,0.8,0,0	CUSTOM	NULL	STATIC
Lights & shadows / Light glow	-gimp_lightglow	30,0.5,12,0.8,0,0	CUSTOM	NULL	STATIC

Lights & shadows / Light leaks	-gimp_light_leaks	0,0,1,1,0,0.85,2,1,0	DEFAULT	NULL	MERGE
Lights & shadows / Light leaks	-gimp_light_leaks	0,0,1,1,0,0.85,3,1,0	CUSTOM	NULL	MERGE
Lights & shadows / Light leaks	-gimp_light_leaks	0,0,1,1,0,0.85,5,1,0	CUSTOM	NULL	MERGE
Lights & shadows / Light leaks	-gimp_light_leaks	0,0,1,1,0,0.85,7,1,0	CUSTOM	NULL	MERGE
Lights & shadows / Light leaks	-gimp_light_leaks	0,0,1,1,0,0.85,15,1,0	CUSTOM	NULL	MERGE
Lights & shadows / Light leaks	-gimp_light_leaks	0,0,1,1,0,0.85,16,1,0	CUSTOM	NULL	MERGE
Lights & shadows / Light leaks	-gimp_light_leaks	0,0,1,1,0,0.85,17,1,0	CUSTOM	NULL	MERGE
Lights & shadows / Light leaks	-gimp_light_leaks	0,0,1,1,0,0.85,18,1,0	CUSTOM	NULL	MERGE

Lights & shadows / Light patch	-gimp_light_patch	5,0.7,2.5,0	DEFAULT	NULL	STATIC

Lights & shadows / Light rays	-gimp_lightrays	80,50,50,1,0.5,0	DEFAULT	NULL	STATIC

Lights & shadows / Relief light	-gimp_light_relief	0.3,0.2,0.2,0,1,0.5,0.5,5,0.5,0,0	DEFAULT	NULL	STATIC
Lights & shadows / Relief light	-gimp_light_relief	0.3,0.2,0.2,0,1,0.5,0.5,5,0.5,1,0	CUSTOM	NULL	STATIC

Lights & shadows / Shadow patch	-gimp_shadow_patch	0.7,0	DEFAULT	NULL	STATIC

Lights & shadows / Slice luminosity	-gimp_slice_luminosity	1,1,2,1,0,64,0,0,1,64,128,0,0,0,128,192,0,0,0,192,255,0,0	DEFAULT	NULL	MERGE

########################################################################
##
## Patterns
##
########################################################################

Patterns / Bayer filter	-rgb2bayer	0,1	DEFAULT	NULL	STATIC

Patterns / Box fitting	-gimp_boxfitting	3,0,0.1,0	DEFAULT	NULL	STATIC

Patterns / Canvas	-gimp_canvas	70,45,400,1,70,135,400,0	DEFAULT	NULL	STATIC
Patterns / Canvas	-gimp_canvas	70,45,400,0,70,135,400,0	CUSTOM	NULL	STATIC

Patterns / Canvas texture	-texturize_canvas	20,3,0.6	DEFAULT	NULL	STATIC

Patterns / Clouds	-jeje_clouds	50,0.5	DEFAULT	NULL	STATIC

Patterns / Cracks	-gimp_cracks	1,-80,1,0,0	DEFAULT	NULL	STATIC
Patterns / Cracks	-gimp_cracks	1,-80,0,0,0	CUSTOM	NULL	STATIC

Patterns / Crystal	-gimp_crystal	50,0.2,20,0	DEFAULT	NULL	STATIC

Patterns / Denim	-Denim_samj_en	5,2,0,40,40,25,50,0,43,108,126,255	DEFAULT	NULL	STATIC

Patterns / Fibers	-jeje_fibers	10,50,10,0	DEFAULT	NULL	STATIC

Patterns / Halftone	-gimp_halftone	0,1,0,0,5,8,8,5,0.1,0	DEFAULT	NULL	STATIC

Patterns / Halftone shapes	-iain_halftone_shapes	100,0,0,0,0,0	DEFAULT	NULL	STATIC
Patterns / Halftone shapes	-iain_halftone_shapes	100,0,1,0,0,0	CUSTOM	NULL	STATIC
Patterns / Halftone shapes	-iain_halftone_shapes	100,0,2,0,0,0	CUSTOM	NULL	STATIC
Patterns / Halftone shapes	-iain_halftone_shapes	100,0,3,0,0,0	CUSTOM	NULL	STATIC

Patterns / Hearts	-gimp_hearts	10,0,0	DEFAULT	NULL	STATIC

Patterns / Lava	-gimp_lava	8,5,3,0,0	DEFAULT	NULL	STATIC

Patterns / Marble	-gimp_marble	0.5,1,0,0,0.4,0.6,0.6,1.1,0,100	DEFAULT	NULL	STATIC

Patterns / Maze	-gimp_maze	24,1,0,1,0	DEFAULT	NULL	STATIC

Patterns / Mineral mosaic	-gimp_mineral_mosaic	1,2,1,100,0	DEFAULT	NULL	STATIC

Patterns / Mosaic	-gimp_mosaic	1,1,0,0	DEFAULT	NULL	STATIC
Patterns / Mosaic	-gimp_mosaic	1,0,0,0	CUSTOM	NULL	STATIC

Patterns / Op art	-gimp_shapes	1,16,10,2,5,90,0,0,1,1,0	DEFAULT	NULL	STATIC
Patterns / Op art	-gimp_shapes	2,16,10,2,5,90,0,0,1,1,0	CUSTOM	NULL	STATIC
Patterns / Op art	-gimp_shapes	3,16,10,2,5,90,0,0,1,1,0	CUSTOM	NULL	STATIC
Patterns / Op art	-gimp_shapes	4,16,10,2,5,90,0,0,1,1,0	CUSTOM	NULL	STATIC
Patterns / Op art	-gimp_shapes	5,16,10,2,5,90,0,0,1,1,0	CUSTOM	NULL	STATIC
Patterns / Op art	-gimp_shapes	6,16,10,2,5,90,0,0,1,1,0	CUSTOM	NULL	STATIC
Patterns / Op art	-gimp_shapes	7,16,10,2,5,90,0,0,1,1,0	CUSTOM	NULL	STATIC
Patterns / Op art	-gimp_shapes	8,16,10,2,5,90,0,0,1,1,0	CUSTOM	NULL	STATIC
Patterns / Op art	-gimp_shapes	9,16,10,2,5,90,0,0,1,1,0	CUSTOM	NULL	STATIC
Patterns / Op art	-gimp_shapes	10,16,10,2,5,90,0,0,1,1,0	CUSTOM	NULL	STATIC
Patterns / Op art	-gimp_shapes	11,16,10,2,5,90,0,0,1,1,0	CUSTOM	NULL	STATIC
Patterns / Op art	-gimp_shapes	12,16,10,2,5,90,0,0,1,1,0	CUSTOM	NULL	STATIC
Patterns / Op art	-gimp_shapes	13,16,10,2,5,90,0,0,1,1,0	CUSTOM	NULL	STATIC
Patterns / Op art	-gimp_shapes	14,16,10,2,5,90,0,0,1,1,0	CUSTOM	NULL	STATIC
Patterns / Op art	-gimp_shapes	15,16,10,2,5,90,0,0,1,1,0	CUSTOM	NULL	STATIC
Patterns / Op art	-gimp_shapes	16,16,10,2,5,90,0,0,1,1,0	CUSTOM	NULL	STATIC
Patterns / Op art	-gimp_shapes	17,16,10,2,5,90,0,0,1,1,0	CUSTOM	NULL	STATIC
Patterns / Op art	-gimp_shapes	18,16,10,2,5,90,0,0,1,1,0	CUSTOM	NULL	STATIC

Patterns / Pack sprites	-gimp_pack_sprites	5,25,3,1,7,0,512,512	DEFAULT	NULL	STATIC

Patterns / Paper texture	-gimp_paper	0,0	DEFAULT	NULL	STATIC

Patterns / Periodic dots	-jeje_periodic_dots	15,4,0,1,0	CUSTOM	NULL	STATIC
Patterns / Periodic dots	-jeje_periodic_dots	15,4,0,1,1	CUSTOM	NULL	STATIC
Patterns / Periodic dots	-jeje_periodic_dots	15,4,0,1,2	CUSTOM	NULL	STATIC
Patterns / Periodic dots	-jeje_periodic_dots	15,4,0,1,3	CUSTOM	NULL	STATIC
Patterns / Periodic dots	-jeje_periodic_dots	15,4,0,1,4	CUSTOM	NULL	STATIC
Patterns / Periodic dots	-jeje_periodic_dots	15,4,0,1,5	CUSTOM	NULL	STATIC
Patterns / Periodic dots	-jeje_periodic_dots	15,4,0,1,6	CUSTOM	NULL	STATIC
Patterns / Periodic dots	-jeje_periodic_dots	15,4,0,1,7	CUSTOM	NULL	STATIC
Patterns / Periodic dots	-jeje_periodic_dots	15,4,0,1,8	CUSTOM	NULL	STATIC

Patterns / Plaid	-gimp_plaid_texture	50,2,0,90,1,300	DEFAULT	NULL	STATIC

Patterns / Plasma	-gimp_plasma	0.5,0,8,0,0,128,128,128	DEFAULT	NULL	STATIC

Patterns / Polka dots	-gimp_polka_dots	80,20,50,50,0,0.5,0.1,1,255,0,0,255	DEFAULT	NULL	STATIC

Patterns / Random color ellipses	-gimp_color_ellipses	400,8,0.1	DEFAULT	NULL	STATIC

Patterns / Rays	-jeje_rays	50,50,10,0,0.5,255,0,0,255,255,0,0	DEFAULT	NULL	STATIC

Patterns / Resynthetize texture	-syntexturize	1024,1024,0	DEFAULT	NULL	STATIC

Patterns / Rorschach	-gimp_rorschach	3,1,2	DEFAULT	NULL	STATIC

Patterns / Seamless deco	-gimp_mad_rorscharchp	3,0,50,1,300,0,0,0,0	DEFAULT	NULL	STATIC

Patterns / Seamless turbulence	-gimp_seamless_turbulence	15,20,0,1,3,0	DEFAULT	NULL	STATIC

Patterns / Shock waves	-gimp_shockwaves	10,10,20,0,0	DEFAULT	NULL	STATIC

Patterns / Simple noise canvas	-gimp_SimpleNoiseCanvas	0,3,2,5,5,0,255,0,2,0,0,0,1,0,255,255,255,255,0	DEFAULT	NULL	STATIC

Patterns / Sponge	-gimp_sponge	13,0,0	DEFAULT	NULL	STATIC

Patterns / Stained glass	-gimp_stained_glass	20,0.1,1,1,1,0,1,0,0	DEFAULT	NULL	STATIC

Patterns / Stars	-gimp_stars	10,0,32,5,0.38,0,255,255,100,200	DEFAULT	NULL	STATIC

Patterns / Stencil	-gimp_stencil	3,0,8,0,2,0,0	DEFAULT	NULL	STATIC

Patterns / Strip	-jeje_strip	45,50,0,1,0	DEFAULT	NULL	STATIC

Patterns / Tetris	-gimp_tetris	10	DEFAULT	NULL	STATIC

Patterns / Truchet	-gimp_truchet	32,5,1,1,0	DEFAULT	NULL	STATIC
Patterns / Truchet	-gimp_truchet	32,5,1,0,0	CUSTOM	NULL	STATIC

Patterns / Turbulence	-gimp_turbulence	128,6,4,0,0	DEFAULT	NULL	STATIC
Patterns / Turbulence	-gimp_turbulence	128,6,4,0,1	CUSTOM	NULL	STATIC
Patterns / Turbulence	-gimp_turbulence	128,6,4,0,2	CUSTOM	NULL	STATIC
Patterns / Turbulence	-gimp_turbulence	128,6,4,0,3	CUSTOM	NULL	STATIC
Patterns / Turbulence	-gimp_turbulence	128,6,4,0,4	CUSTOM	NULL	STATIC
Patterns / Turbulence	-gimp_turbulence	128,6,4,0,5	CUSTOM	NULL	STATIC

#Patterns / Turing	-jeje_turing_pattern	1,2000,0.1,0.899,-0.91,2,0.1,0.25	DEFAULT	NULL	STATIC

Patterns / Weave	-weave	6,65,0,0.5,0,0,0,0,0	DEFAULT	NULL	STATIC

Patterns / Whirls	-gimp_whirls	7,2,0.2,1.8,11,0	DEFAULT	NULL	STATIC

########################################################################
##
## Rendering
##
########################################################################

Rendering / 3d blocks	-gimp_blocks3d	32,0,4,1.5,30,60,45,50,50,0,-50,-100,0.5,0.7,1,1,0,0,0,128	DEFAULT	NULL	STATIC

Rendering / 3d colored object	-gimp_coloredobject3d	1,128,128,128,255,0.5,0.5,0.5,57,41,21,45,0,0,-100,0.5,0.7,4,1	DEFAULT	NULL	STATIC
Rendering / 3d colored object	-gimp_coloredobject3d	0,128,128,128,255,0.5,0.5,0.5,57,41,21,45,0,0,-100,0.5,0.7,4,1	CUSTOM	NULL	STATIC
Rendering / 3d colored object	-gimp_coloredobject3d	2,128,128,128,255,0.5,0.5,0.5,57,41,21,45,0,0,-100,0.5,0.7,4,1	CUSTOM	NULL	STATIC
Rendering / 3d colored object	-gimp_coloredobject3d	3,128,128,128,255,0.5,0.5,0.5,57,41,21,45,0,0,-100,0.5,0.7,4,1	CUSTOM	NULL	STATIC
Rendering / 3d colored object	-gimp_coloredobject3d	4,128,128,128,255,0.5,0.5,0.5,57,41,21,45,0,0,-100,0.5,0.7,4,1	CUSTOM	NULL	STATIC
Rendering / 3d colored object	-gimp_coloredobject3d	5,128,128,128,255,0.5,0.5,0.5,57,41,21,45,0,0,-100,0.5,0.7,4,1	CUSTOM	NULL	STATIC
Rendering / 3d colored object	-gimp_coloredobject3d	6,128,128,128,255,0.5,0.5,0.5,57,41,21,45,0,0,-100,0.5,0.7,4,1	CUSTOM	NULL	STATIC
Rendering / 3d colored object	-gimp_coloredobject3d	7,128,128,128,255,0.5,0.5,0.5,57,41,21,45,0,0,-100,0.5,0.7,4,1	CUSTOM	NULL	STATIC

Rendering / 3d elevation	-gimp_elevation3d	100,1,1024,1024,0.8,25,0,21,45,0,0,-100,0.5,0.7,2,1	DEFAULT	NULL	STATIC

Rendering / 3d extrusion	-gimp_extrude3d	10,512,0.6,1024,1024,0.5,57,41,21,45,0,0,-100,0.5,0.7,4,1	DEFAULT	NULL	STATIC

Rendering / 3d image object	-gimp_imageobject3d	1,1024,1024,0.5,57,41,21,45,0,0,-100,0.5,0.7,4,1	DEFAULT	NULL	STATIC
Rendering / 3d image object	-gimp_imageobject3d	0,1024,1024,0.5,57,41,21,45,0,0,-100,0.5,0.7,4,1	CUSTOM	NULL	STATIC
Rendering / 3d image object	-gimp_imageobject3d	2,1024,1024,0.5,57,41,21,45,0,0,-100,0.5,0.7,4,1	CUSTOM	NULL	STATIC
Rendering / 3d image object	-gimp_imageobject3d	3,1024,1024,0.5,57,41,21,45,0,0,-100,0.5,0.7,4,1	CUSTOM	NULL	STATIC
Rendering / 3d image object	-gimp_imageobject3d	4,1024,1024,0.5,57,41,21,45,0,0,-100,0.5,0.7,4,1	CUSTOM	NULL	STATIC
Rendering / 3d image object	-gimp_imageobject3d	5,1024,1024,0.5,57,41,21,45,0,0,-100,0.5,0.7,4,1	CUSTOM	NULL	STATIC
Rendering / 3d image object	-gimp_imageobject3d	6,1024,1024,0.5,57,41,21,45,0,0,-100,0.5,0.7,4,1	CUSTOM	NULL	STATIC
Rendering / 3d image object	-gimp_imageobject3d	7,1024,1024,0.5,57,41,21,45,0,0,-100,0.5,0.7,4,1	CUSTOM	NULL	STATIC
Rendering / 3d image object	-gimp_imageobject3d	8,1024,1024,0.5,57,41,21,45,0,0,-100,0.5,0.7,4,1	CUSTOM	NULL	STATIC

Rendering / 3d lathing	-gimp_lathing3d	76,2,361,1024,1024,0.5,0,0,0,45,0,0,-100,0.5,0.7,4,1	DEFAULT	NULL	STATIC

Rendering / 3d random objects	-gimp_random3d	0,50,3,100,45,0,0,-100,0.5,0.7,3,1	DEFAULT	NULL	STATIC
Rendering / 3d random objects	-gimp_random3d	1,50,3,100,45,0,0,-100,0.5,0.7,3,1	CUSTOM	NULL	STATIC
Rendering / 3d random objects	-gimp_random3d	2,50,3,100,45,0,0,-100,0.5,0.7,3,1	CUSTOM	NULL	STATIC
Rendering / 3d random objects	-gimp_random3d	3,50,3,100,45,0,0,-100,0.5,0.7,3,1	CUSTOM	NULL	STATIC
Rendering / 3d random objects	-gimp_random3d	4,50,3,100,45,0,0,-100,0.5,0.7,3,1	CUSTOM	NULL	STATIC

Rendering / Adjacent annular steiner chains	-samj_Adjacent_Annular_Steiner_Chains_en	50,50,0,0,6,56,20,50,0,255,0,221,127,72,0,255,127,0,145,255,127,0,255,144,127,72,255,0,127,255,217,0,127,255,0,0,127,5,0,0,2,0,0,0,255,0,0,0	DEFAULT	NULL	STATIC

Rendering / Annular steiner chains	-samj_en_Annular_Steiner_Chains	50,50,50,6,0,0,0,0,255,1,255,255,0,127,64,192,128,127,0,255,0,127,0,0,255,127,0,0,0,0,0,0,0,0.5,0.5,1.8,0,0,0,0	DEFAULT	NULL	STATIC

Rendering / Ball	-gimp_ball	128,0.8,1,1.5,255,0,255	DEFAULT	NULL	MERGE

Rendering / Circle art	-gimp_circle_art	1,15,0.5,8,1,1,15,0,0,0.5,1,1,1,1	DEFAULT	NULL	STATIC
Rendering / Circle art	-gimp_circle_art	0,15,0.5,8,1,1,15,0,0,0.5,1,1,1,1	CUSTOM	NULL	STATIC

Rendering / Cupid	-gimp_cupid	0,255,0,0,255	DEFAULT	NULL	STATIC

Rendering / Equation plot [parametric]	-gimp_equation_parametric	"sin(t)*(exp(cos(t))-2*cos(4*t)-sin(t/12)^5)","cos(t)*(exp(cos(t))-2*cos(4*t)-sin(t/12)^5)",0,100,4096,1,0,64,0,0,128,0,0,1,1,1	DEFAULT	NULL	STATIC

Rendering / Equation plot [y=f(x)]	-gimp_equation_plot	"X*c+10*cos(X+c+?)",-10,10,100,3,2,0	DEFAULT	NULL	STATIC

Rendering / Gradient [corners]	-gimp_corner_gradient	255,255,255,128,255,0,0,255,0,255,0,255,0,0,255,255,1	DEFAULT	NULL	STATIC

Rendering / Gradient [custom shape]	-gimp_custom_gradient	0,0,0,1,4,1,0,128,100,100,2,0,1,0,"",1,0,0,0,0,255,255,0,0,255,255,255,0,255,255,255,255,255,0,255,255,255,0,255,0,255,0,0,255,255,128,128,128,255,255,0,255,255,0,0,0,0	DEFAULT	NULL	STATIC
Rendering / Gradient [custom shape]	-gimp_custom_gradient	0,0,0,1,4,1,0,128,100,100,0,0,1,0,"",1,0,0,0,0,255,255,0,0,255,255,255,0,255,255,255,255,255,0,255,255,255,0,255,0,255,0,0,255,255,128,128,128,255,255,0,255,255,0,0,0,0	CUSTOM	NULL	STATIC
Rendering / Gradient [custom shape]	-gimp_custom_gradient	0,0,0,1,4,1,0,128,100,100,1,0,1,0,"",1,0,0,0,0,255,255,0,0,255,255,255,0,255,255,255,255,255,0,255,255,255,0,255,0,255,0,0,255,255,128,128,128,255,255,0,255,255,0,0,0,0	CUSTOM	NULL	STATIC

Rendering / Gradient [from line]	-gimp_line_gradient	0,0,100,100,100,0,0,0,1,""	DEFAULT	NULL	STATIC

Rendering / Gradient [linear]	-gimp_linear_gradient	0,0,0,255,255,255,255,255,0,45,0,100,0	DEFAULT	NULL	STATIC

Rendering / Gradient [radial]	-gimp_radial_gradient	0,0,0,255,255,255,255,255,0,0,100,50,50,0	DEFAULT	NULL	STATIC

Rendering / Gradient cie Lab [linear]	-samj_en_Linear_Gradient_CIE_Lab	0,0,240,40,160,255,240,240,40,255	DEFAULT	NULL	STATIC

Rendering / Gradient cie Lab [shape]	-samj_en_Shape_Linear_Gradient_CIE_Lab	10,10,90,90,2,0,240,40,160,255,240,240,40,255,0,0,0,0,255,0	DEFAULT	NULL	STATIC

Rendering / Hair locks	-gtutor_hairlock	0.5,0.5,0.5,255,255,0,255,0.5,45,0.5,0.5,0	DEFAULT	NULL	STATIC

Rendering / Harmonograph	-Harmonograph_samj_en	50,50,192,128,64,255,0,0,1000,0,400,150,200,200,100,4,6,2,2,15,270,75,60,0.04,0.04,0.05,0.06,0,0,0,1,1	DEFAULT	NULL	STATIC

Rendering / Heart	-gimp_heart	75,0,255,0,0,255	DEFAULT	NULL	MERGE

Rendering / Lightning	-gimp_lightning	20,90,256,3,1.5,0.75,255,255,255,255,0,50,5,0,6,0.2,25,60,95,100,30,40,-0.25,-0.1,-0.2	DEFAULT	NULL	MERGE
Rendering / Lissajous	-gimp_lissajous	4096,0.9,0.9,3,8,7,0,0,0,0,0,0,0,0,255,255,255,255	DEFAULT	NULL	STATIC

Rendering / Mandelbrot-julia sets	-gimp_mandelbrot	0,0,0,128,0,"0.317","0.03",0,0,255,0,255,0,255,0,0,255,0,255	DEFAULT	NULL	STATIC
Rendering / Mandelbrot-julia sets	-gimp_mandelbrot	0,0,0,128,1,"0.317","0.03",0,0,255,0,255,0,255,0,0,255,0,255	CUSTOM	NULL	STATIC

Rendering / Neon lightning	-gimp_neon_lightning	50,50,0,50,50,100,50,0.7,3,130,80,50,0.25,0	DEFAULT	NULL	STATIC

Rendering / Quick copyright	-gimp_quick_copyright	"\251 G'MIC",27,255,255,255,128,1,3,5,1	DEFAULT	NULL	STATIC

Rendering / Rainbow	-gimp_rainbow	80,80,175,175,3,80	DEFAULT	NULL	STATIC

Rendering / Rotating circles	-samj_en_Cercles_Qui_Tournent	800,255,255,255,255,0,1,0.5,0.33,7,17,1,0.5,0.33,7,17,1,10,0,0,0,255,0,0,0,0,0,0,0,0.5,0.5,1.8,0	DEFAULT	NULL	STATIC
Rendering / Rotating circles	-samj_en_Cercles_Qui_Tournent	800,255,255,255,255,1,1,0.5,0.33,7,17,1,0.5,0.33,7,17,1,10,0,0,0,255,0,0,0,0,0,0,0,0.5,0.5,1.8,0	CUSTOM	NULL	STATIC
Rendering / Rotating circles	-samj_en_Cercles_Qui_Tournent	800,255,255,255,255,2,1,0.5,0.33,7,17,1,0.5,0.33,7,17,1,10,0,0,0,255,0,0,0,0,0,0,0,0.5,0.5,1.8,0	CUSTOM	NULL	STATIC
Rendering / Rotating circles	-samj_en_Cercles_Qui_Tournent	800,255,255,255,255,3,1,0.5,0.33,7,17,1,0.5,0.33,7,17,1,10,0,0,0,255,0,0,0,0,0,0,0,0.5,0.5,1.8,0	CUSTOM	NULL	STATIC
Rendering / Rotating circles	-samj_en_Cercles_Qui_Tournent	800,255,255,255,255,4,1,0.5,0.33,7,17,1,0.5,0.33,7,17,1,10,0,0,0,255,0,0,0,0,0,0,0,0.5,0.5,1.8,0	CUSTOM	NULL	STATIC
Rendering / Rotating circles	-samj_en_Cercles_Qui_Tournent	800,255,255,255,255,5,1,0.5,0.33,7,17,1,0.5,0.33,7,17,1,10,0,0,0,255,0,0,0,0,0,0,0,0.5,0.5,1.8,0	CUSTOM	NULL	STATIC
Rendering / Rotating circles	-samj_en_Cercles_Qui_Tournent	800,255,255,255,255,6,1,0.5,0.33,7,17,1,0.5,0.33,7,17,1,10,0,0,0,255,0,0,0,0,0,0,0,0.5,0.5,1.8,0	CUSTOM	NULL	STATIC

Rendering / Shade bobs	-gimp_shadebobs	50,5,200,1,-1,2,1,0.8,0,8	DEFAULT	NULL	STATIC
Rendering / Shade bobs	-gimp_shadebobs	50,5,200,1,-1,2,1,0.8,0,0	CUSTOM	NULL	STATIC
Rendering / Shade bobs	-gimp_shadebobs	50,5,200,1,-1,2,1,0.8,0,1	CUSTOM	NULL	STATIC
Rendering / Shade bobs	-gimp_shadebobs	50,5,200,1,-1,2,1,0.8,0,2	CUSTOM	NULL	STATIC
Rendering / Shade bobs	-gimp_shadebobs	50,5,200,1,-1,2,1,0.8,0,3	CUSTOM	NULL	STATIC
Rendering / Shade bobs	-gimp_shadebobs	50,5,200,1,-1,2,1,0.8,0,4	CUSTOM	NULL	STATIC
Rendering / Shade bobs	-gimp_shadebobs	50,5,200,1,-1,2,1,0.8,0,5	CUSTOM	NULL	STATIC
Rendering / Shade bobs	-gimp_shadebobs	50,5,200,1,-1,2,1,0.8,0,6	CUSTOM	NULL	STATIC
Rendering / Shade bobs	-gimp_shadebobs	50,5,200,1,-1,2,1,0.8,0,7	CUSTOM	NULL	STATIC

Rendering / Sierpinski triangle	-gimp_sierpinski	6,50,0,0,100,100,100,128,128,128,1	DEFAULT	NULL	STATIC

Rendering / Simple geometric shapes	-samj_en_Formes_Geometriques_Simples	50,50,127,127,127,127,255,255,0,255,0,0,255,255,5,40,40,4,0,0,1	DEFAULT	NULL	STATIC
Rendering / Simple geometric shapes	-samj_en_Formes_Geometriques_Simples	50,50,127,127,127,127,255,255,0,255,0,0,255,255,0,40,40,4,0,0,1	CUSTOM	NULL	STATIC
Rendering / Simple geometric shapes	-samj_en_Formes_Geometriques_Simples	50,50,127,127,127,127,255,255,0,255,0,0,255,255,1,40,40,4,0,0,1	CUSTOM	NULL	STATIC
Rendering / Simple geometric shapes	-samj_en_Formes_Geometriques_Simples	50,50,127,127,127,127,255,255,0,255,0,0,255,255,2,40,40,4,0,0,1	CUSTOM	NULL	STATIC
Rendering / Simple geometric shapes	-samj_en_Formes_Geometriques_Simples	50,50,127,127,127,127,255,255,0,255,0,0,255,255,3,40,40,4,0,0,1	CUSTOM	NULL	STATIC
Rendering / Simple geometric shapes	-samj_en_Formes_Geometriques_Simples	50,50,127,127,127,127,255,255,0,255,0,0,255,255,4,40,40,4,0,0,1	CUSTOM	NULL	STATIC
Rendering / Simple geometric shapes	-samj_en_Formes_Geometriques_Simples	50,50,127,127,127,127,255,255,0,255,0,0,255,255,6,40,40,4,0,0,1	CUSTOM	NULL	STATIC

Rendering / Snowflake	-gimp_snowflake	3,20,70,80,70,50,10,1,128,128,128	DEFAULT	NULL	STATIC

Rendering / Snowflake 2	-samj_en_Flocon_De_Neige	50,50,6,50,40,0,3,192,192,192,1,0,3,255,255,255,0.7,0,0,0,0,0,0,0,0,0.5,0.5,1.8,0,0,0,0	DEFAULT	NULL	STATIC

Rendering / Spirograph	-Spirographe_samj_en	50,50,200,50,150,192,128,64,255,0,0,3,0,1,0,0,0,255,0,0,255,0,255,255,0,255,0,0,0,1,1	DEFAULT	NULL	STATIC

Rendering / Superformula	-gimp_superformula	4096,0.9,0.9,8,1,5,8,0,0,0,3,128,255,128,255	DEFAULT	NULL	STATIC

Rendering / Twisted rays	-Twisted_Rays_en	800,1,0.2,2,5,21,0,0,0,0,255,255,0,255,255,255,0,255,0,255,255,255,0,255,255,0,0,255,255,0,255,255,255,255,255,255,0,0,0,0,255,0,2,2,200,0,5,0,0	DEFAULT	NULL	STATIC

########################################################################
##
## Repair
##
########################################################################

Repair / Banding denoise	-banding_denoise	5,5,5,10,0	DEFAULT	NULL	STATIC

Repair / Bayer reconstruction	-bayer2rgb	6,6,4	DEFAULT	NULL	STATIC

Repair / Deinterlace	-gimp_deinterlace	0,0	DEFAULT	NULL	STATIC

Repair / Despeckle	-gcd_despeckle	20,10	DEFAULT	NULL	STATIC

Repair / Iain's fast denoise	-iain_fast_denoise_p	0,0,1,0,0,0,1	DEFAULT	NULL	STATIC

Repair / Iain's noise reduction	-iain_iains_nr	3,3,1,0,0,0,1,0,0,0,1.35,0,0	DEFAULT	NULL	STATIC

Repair / Inpaint [holes]	-gimp_inpaint_holes	4,20,1	DEFAULT	NULL	STATIC

Repair / Local similarity mask	-local_similarity_mask	50,50,50,128,4,1	DEFAULT	NULL	STATIC

Repair / Pixel denoise	-iain_pixel_denoise_p	2,1,7,0,1	DEFAULT	NULL	STATIC

Repair / Recursive median	-iain_recursive_median_p	3,1,0,0,1	DEFAULT	NULL	STATIC

Repair / Red-eye attenuation	-red_eye	75,3.5,0.1	DEFAULT	NULL	STATIC

Repair / Remove hot pixels	-gimp_remove_hotpixels	3,10,0	DEFAULT	NULL	STATIC

Repair / Repair scanned document	-jeje_scandoc	3,10,90,5,0	DEFAULT	NULL	STATIC

Repair / Smooth [anisotropic]	-gimp_anisotropic_smoothing	60,0.7,0.3,0.6,1.1,0.8,30,2,0,1,1,0,0	DEFAULT	NULL	STATIC

Repair / Smooth [bilateral]	-gimp_bilateral	10,7,2,0,0,24,0	DEFAULT	NULL	STATIC

Repair / Smooth [block pca]	-jeje_denoise_patch_dict	1,8,1.1,1.1,0,0	DEFAULT	NULL	STATIC

Repair / Smooth [diffusion]	-gimp_diffusion_smoothing	0.7,0.3,0.6,1.1,15,8,0,0,24,0	DEFAULT	NULL	STATIC

Repair / Smooth [guided]	-gimp_blur_guided	5,30,1,0,0,24,0	DEFAULT	NULL	STATIC

Repair / Smooth [iuwt]	-jeje_denoise_iuwt	3,4,2,0	DEFAULT	NULL	STATIC

Repair / Smooth [mean-curvature]	-gimp_meancurvature_smoothing	30,4,0,0,0,24,0	DEFAULT	NULL	STATIC

Repair / Smooth [median]	-gimp_median	3,255,0,0	DEFAULT	NULL	STATIC

Repair / Smooth [nlmeans]	-gimp_nlmeans	4,4,10,3,0,0,24,0	DEFAULT	NULL	STATIC

Repair / Smooth [patch-based]	-gimp_patch_smoothing	10,10,3,5,0,1,1,0,0,24,0	DEFAULT	NULL	STATIC

Repair / Smooth [perona-malik]	-gimp_peronamalik_smoothing	20,5,5,0,0,0,24,0	DEFAULT	NULL	STATIC

Repair / Smooth [selective gaussian]	-gimp_selective_smoothing	5,0.5,5,1,0,0,24,0	DEFAULT	NULL	STATIC

Repair / Smooth [skin]	-gimp_smooth_skin	2,0.5,1,1,1,50,50,5,2,0.2,3,1,0.05,5,0	DEFAULT	NULL	STATIC

Repair / Smooth [thin brush]	-gimp_anisotropic_smoothing	60,0.9,0.64,3.1,1.1,0.8,30,2,0,1,1,0,0,24	DEFAULT	NULL	STATIC

Repair / Smooth [total variation]	-gimp_tv_smoothing	30,10,0,0,0,24,0	DEFAULT	NULL	STATIC

Repair / Smooth [wavelets]	-gimp_haar_smoothing	1,10,10,0,0,24,0	DEFAULT	NULL	STATIC

Repair / Smooth [wiener]	-jeje_local_wiener	2,11,0,0	DEFAULT	NULL	STATIC

#Repair / Unstrip	-jeje_unstrip	1,20,4,1,0,0	DEFAULT	NULL	STATIC

Repair / Upscale [diffusion]	-gimp_upscale_smart	"200%","200%",2,0.4,50	DEFAULT	NULL	STATIC

Repair / Upscale [scale2x]	-gimp_scalenx	0,0	DEFAULT	NULL	STATIC

########################################################################
##
## Sequences
##
########################################################################

Sequences / 3d elevation [animated]	-gimp_animate_elevation3d	10,1,0,"/tmp/gmic",100,1,512,512,2,0.8,35,0,0,45,0,0,-100,0.5,0.7,0.8,35,0,360,45,0,0,-100,0.5,0.7	CUSTOM	-resize 50%,50%	ANIMATED

Sequences / 3d extrusion [animated]	-gimp_animate_extrude3d	10,1,0,"/tmp/gmic",10,512,0.6,512,512,4,0.8,35,0,0,45,0,0,-100,0.5,0.7,0.8,35,360,0,45,0,0,-100,0.5,0.7	CUSTOM	-resize 50%,50%	ANIMATED

Sequences / 3d image object [animated]	-gimp_animate_imageobject3d	10,1,0,"/tmp/gmic",1,512,512,4,0.5,57,41,21,45,0,0,-100,0.5,0.7,0.5,57,401,21,45,0,0,-100,0.5,0.7	CUSTOM	-resize 50%,50%	ANIMATED
Sequences / 3d image object [animated]	-gimp_animate_imageobject3d	10,1,0,"/tmp/gmic",0,512,512,4,0.5,57,41,21,45,0,0,-100,0.5,0.7,0.5,57,401,21,45,0,0,-100,0.5,0.7	CUSTOM	-resize 50%,50%	ANIMATED
Sequences / 3d image object [animated]	-gimp_animate_imageobject3d	10,1,0,"/tmp/gmic",2,512,512,4,0.5,57,41,21,45,0,0,-100,0.5,0.7,0.5,57,401,21,45,0,0,-100,0.5,0.7	CUSTOM	-resize 50%,50%	ANIMATED
Sequences / 3d image object [animated]	-gimp_animate_imageobject3d	10,1,0,"/tmp/gmic",3,512,512,4,0.5,57,41,21,45,0,0,-100,0.5,0.7,0.5,57,401,21,45,0,0,-100,0.5,0.7	CUSTOM	-resize 50%,50%	ANIMATED
Sequences / 3d image object [animated]	-gimp_animate_imageobject3d	10,1,0,"/tmp/gmic",4,512,512,4,0.5,57,41,21,45,0,0,-100,0.5,0.7,0.5,57,401,21,45,0,0,-100,0.5,0.7	CUSTOM	-resize 50%,50%	ANIMATED
Sequences / 3d image object [animated]	-gimp_animate_imageobject3d	10,1,0,"/tmp/gmic",5,512,512,4,0.5,57,41,21,45,0,0,-100,0.5,0.7,0.5,57,401,21,45,0,0,-100,0.5,0.7	CUSTOM	-resize 50%,50%	ANIMATED
Sequences / 3d image object [animated]	-gimp_animate_imageobject3d	10,1,0,"/tmp/gmic",6,512,512,4,0.5,57,41,21,45,0,0,-100,0.5,0.7,0.5,57,401,21,45,0,0,-100,0.5,0.7	CUSTOM	-resize 50%,50%	ANIMATED
Sequences / 3d image object [animated]	-gimp_animate_imageobject3d	10,1,0,"/tmp/gmic",7,512,512,4,0.5,57,41,21,45,0,0,-100,0.5,0.7,0.5,57,401,21,45,0,0,-100,0.5,0.7	CUSTOM	-resize 50%,50%	ANIMATED
Sequences / 3d image object [animated]	-gimp_animate_imageobject3d	10,1,0,"/tmp/gmic",8,512,512,4,0.5,57,41,21,45,0,0,-100,0.5,0.7,0.5,57,401,21,45,0,0,-100,0.5,0.7	CUSTOM	-resize 50%,50%	ANIMATED

Sequences / 3d text pointcloud	-gimp_text_pointcloud3d	16,"G'MIC","Rocks!",1,200,220,255,255,255,255,255,2,2,1,19	CUSTOM	-resize 25%,25%	ANIMATED

Sequences / B&W pencil [animated]	-gimp_animate_pencilbw	10,1,0,"/tmp/gmic",2.3,100,0.3,60	DEFAULT	-resize 50%,50%	ANIMATED

Sequences / B&W stencil [animated]	-gimp_animate_stencilbw	10,1,0,"/tmp/gmic",10,10,10,20	DEFAULT	NULL	ANIMATED

Sequences / Cartoon [animated]	-gimp_animate_cartoon	10,1,0,"/tmp/gmic",4,0.5,200,10,0.1,1.5,2,200,10,0.1,1.5	DEFAULT	NULL	ANIMATED

Sequences / Edges [animated]	-gimp_animate_edges	10,1,0,"/tmp/gmic",0,0,10,0,30	DEFAULT	NULL	ANIMATED

Sequences / Edges on fire	-gimp_fire_edges	0.7,0.25,0.5,25,20,20,0,0	DEFAULT	-resize 50%,50%	ANIMATED

Sequences / Lava lamp	-gimp_lavalampbw	3,30,1,20,2,0.01,0	DEFAULT	-resize 25%,25%	ANIMATED

Sequences / Lissajous [animated]	-gimp_animate_lissajous	10,1,0,"/tmp/gmic",4096,0.9,0.9,3,8,7,0,1,0,0,0,0,0,0,255,255,255,255,4096,0.9,0.9,3,8,7,0,0,0,0,0,0,0,0,255,255,255,255	CUSTOM	-resize 50%,50%	ANIMATED

Sequences / Morphological filter [animated]	-gimp_animate_morpho	10,1,0,"/tmp/gmic",0,0,0,5,50	DEFAULT	NULL	ANIMATED
Sequences / Morphological filter [animated]	-gimp_animate_morpho	10,1,0,"/tmp/gmic",1,0,0,5,50	CUSTOM	NULL	ANIMATED
Sequences / Morphological filter [animated]	-gimp_animate_morpho	10,1,0,"/tmp/gmic",2,0,0,5,50	CUSTOM	NULL	ANIMATED
Sequences / Morphological filter [animated]	-gimp_animate_morpho	10,1,0,"/tmp/gmic",3,0,0,5,50	CUSTOM	NULL	ANIMATED
Sequences / Morphological filter [animated]	-gimp_animate_morpho	10,1,0,"/tmp/gmic",4,0,0,5,50	CUSTOM	NULL	ANIMATED
Sequences / Morphological filter [animated]	-gimp_animate_morpho	10,1,0,"/tmp/gmic",5,0,0,5,50	CUSTOM	NULL	ANIMATED
Sequences / Morphological filter [animated]	-gimp_animate_morpho	10,1,0,"/tmp/gmic",6,0,0,5,50	CUSTOM	NULL	ANIMATED
Sequences / Morphological filter [animated]	-gimp_animate_morpho	10,1,0,"/tmp/gmic",7,0,0,5,50	CUSTOM	NULL	ANIMATED

Sequences / Rodilius [animated]	-gimp_animate_rodilius	10,1,0,"/tmp/gmic",1,10,10,300,5,0,10,10,300,5,180	DEFAULT	-resize 50%,50%	ANIMATED

Sequences / Soft glow [animated]	-gimp_animate_glow	10,1,0,"/tmp/gmic",0,3	DEFAULT	-resize 50%,50%	ANIMATED

########################################################################
##
## Stereoscopic 3d
##
########################################################################

Stereoscopic 3d / 3d conversion	-gimp_tk_make3D	0,20,0,20,0,0,0,0,0,0,0,0,0,1.2,25,1,0,1,0,0,0,2,200	DEFAULT	NULL	STATIC

Stereoscopic 3d / Automatic depth estimation	-gimp_tk_autodepth	NULL	DEFAULT	NULL	STATIC

Stereoscopic 3d / Depth map construction	-gimp_tk_depthmap	0,20,0,0,0,0,0,0,0,0	DEFAULT	NULL	STATIC
Stereoscopic 3d / Depth map construction	-gimp_tk_depthmap	1,20,0,0,0,0,0,0,0,0	CUSTOM	NULL	STATIC
Stereoscopic 3d / Depth map construction	-gimp_tk_depthmap	19,20,0,0,0,0,0,0,0,0	CUSTOM	NULL	STATIC
Stereoscopic 3d / Depth map construction	-gimp_tk_depthmap	20,20,0,0,0,0,0,0,0,0	CUSTOM	NULL	STATIC
Stereoscopic 3d / Depth map construction	-gimp_tk_depthmap	21,20,0,0,0,0,0,0,0,0	CUSTOM	NULL	STATIC
Stereoscopic 3d / Depth map construction	-gimp_tk_depthmap	22,20,0,0,0,0,0,0,0,0	CUSTOM	NULL	STATIC

Stereoscopic 3d / Single image stereogram	-gimp_tk_stereogram	50,0.5,10,0,40,255,255,0,255,0,0,0,255,0,0,0,255,0.5,0	DEFAULT	NULL	STATIC

Stereoscopic 3d / Stereo image	-gcd_stereo_img	0,0.5,1.2,1,0.25,2,4,1,0	DEFAULT	NULL	STATIC
Stereoscopic 3d / Stereo image	-gcd_stereo_img	2,0.5,1.2,1,0.25,2,4,1,0	CUSTOM	NULL	STATIC

########################################################################
##
## Testing
##
########################################################################

####################################
# Testing / Corvo
####################################

Testing / Corvo / Corvo's painting 5	-gimp_corvo_painting_5	35,10,10,0.5,50,0.3,50,2,5,1	DEFAULT	NULL	STATIC

####################################
# Testing / Garagecoder
####################################

Testing / Garagecoder / Anti alias	-gcd_anti_alias	60,0.3,50,0	DEFAULT	NULL	STATIC

Testing / Garagecoder / Compression blur	-gcd_comp_blur	2,3,1,100,1,0,0	DEFAULT	NULL	STATIC

Testing / Garagecoder / Depth blur	-gcd_depth_blur	0,15,0.25,2,4,0,1	DEFAULT	NULL	STATIC

Testing / Garagecoder / Emboss	-gcd_emboss	128	DEFAULT	NULL	STATIC

Testing / Garagecoder / Jpeg smooth	-gcd_jpeg_smooth	1,1,0,0	DEFAULT	NULL	STATIC

Testing / Garagecoder / Seam carve	-gcd_seamcarve	10	DEFAULT	NULL	STATIC

Testing / Garagecoder / Seam carve [fast]	-gcd_opt_seams	75	DEFAULT	NULL	STATIC

Testing / Garagecoder / Sharpen [gradient]	-gcd_sharpen_gradient	0.5,2,0	DEFAULT	NULL	STATIC

Testing / Garagecoder / Sharpen [tones]	-gcd_sharpen_tones	1,128,0	DEFAULT	NULL	STATIC

Testing / Garagecoder / Smart rotate	-gcd_srotate	45,50,50,1,1,6,0.6,0	CUSTOM	NULL	STATIC

Testing / Garagecoder / Tone enhance	-gcd_tone_enhance	1,0,0,1,0,128,0,0,0,0	DEFAULT	NULL	STATIC

Testing / Garagecoder / Unquantize [jpeg smooth]	-gcd_unquantize	6,1,1,5,15	DEFAULT	NULL	STATIC

Testing / Garagecoder / Xbr2x	-gcd_xbr2x	NULL	DEFAULT	NULL	STATIC

####################################
# Testing / Gentlemanbeggar
####################################

Testing / Gentlemanbeggar / 60's cinema	-gimp_gb_cfx	10,0,0,0,0,0	DEFAULT	NULL	STATIC
Testing / Gentlemanbeggar / 60's cinema	-gimp_gb_cfx	10,1,0,0,0,0	CUSTOM	NULL	STATIC
Testing / Gentlemanbeggar / 60's cinema	-gimp_gb_cfx	10,0,1,0,0,0	CUSTOM	NULL	STATIC
Testing / Gentlemanbeggar / 60's cinema	-gimp_gb_cfx	10,0,0,1,0,0	CUSTOM	NULL	STATIC
Testing / Gentlemanbeggar / 60's cinema	-gimp_gb_cfx	10,0,0,0,1,0	CUSTOM	NULL	STATIC

Testing / Gentlemanbeggar / Lens blur	-gimp_gb_lb	10,7,0	DEFAULT	NULL	STATIC

Testing / Gentlemanbeggar / Maxfield parrish	-gimp_gb_mp	2,0,0	DEFAULT	NULL	STATIC

Testing / Gentlemanbeggar / Modern cinema	-gimp_gb_mcfx	0,0,0	DEFAULT	NULL	MERGE
Testing / Gentlemanbeggar / Modern cinema	-gimp_gb_mcfx	1,0,0	CUSTOM	NULL	MERGE
Testing / Gentlemanbeggar / Modern cinema	-gimp_gb_mcfx	2,0,0	CUSTOM	NULL	MERGE
Testing / Gentlemanbeggar / Modern cinema	-gimp_gb_mcfx	3,0,0	CUSTOM	NULL	MERGE

Testing / Gentlemanbeggar / Urban blight	-gimp_gb_ub	-1,0	DEFAULT	NULL	STATIC

####################################
# Testing / Gmic tutorials
####################################

Testing / Gmic tutorials / Hedcut (experimental)	-hedcut	0.5,0.5,0.5,0,0.5,0,1,0	DEFAULT	NULL	STATIC

####################################
# Testing / Iain fergusson
####################################

Testing / Iain fergusson / Automixer	-automixer	0,0	DEFAULT	NULL	STATIC

Testing / Iain fergusson / Brown spot clean	-iain_brown_spot_clean	1,2	DEFAULT	NULL	STATIC

Testing / Iain fergusson / Easy skin retouch	-iain_easy_skin_retouch	7,2,0.7,1,1,0.7,0.6,0.5,0.5,0.5,0	DEFAULT	NULL	STATIC

Testing / Iain fergusson / Exfuse	-exfuse	1,0.6,0,0.5,1,5	DEFAULT	NULL	STATIC

#Testing / Iain fergusson / Exfusion5	-exfusion5	0,0.2,0.2,1,0,0	DEFAULT	NULL	STATIC

Testing / Iain fergusson / Fft tile	-fft_tile	500,128,0	DEFAULT	NULL	STATIC

Testing / Iain fergusson / Fill holes	-fill_holes	11,21,5,0,0,1	DEFAULT	NULL	STATIC

Testing / Iain fergusson / Grey descreen	-iain_descreen2	3,-10000,10	DEFAULT	NULL	STATIC

Testing / Iain fergusson / Hearttone	-iain_hearttone	100,0	DEFAULT	NULL	STATIC

Testing / Iain fergusson / Iain 2x	-iain_2x	NULL	DEFAULT	NULL	STATIC

Testing / Iain fergusson / Iain demosaic	-iain_demosiac	0	DEFAULT	NULL	STATIC

Testing / Iain fergusson / Iain star burst	-iain_star_burst	254,50,5,45,2,0,0	DEFAULT	NULL	STATIC

Testing / Iain fergusson / Iain unindex	-iain_unindex	30,20,1,50,50	DEFAULT	NULL	STATIC

Testing / Iain fergusson / Iain weightmap	-iain_weightmap	1,40	DEFAULT	NULL	STATIC

Testing / Iain fergusson / Luminance nr2	-luminance_nr_two	10,1,1,0.8,0.7,0.6,0.5,0.4,0.3,1200,64,0,0,0,0,0,0,0,0,0,0,0	DEFAULT	NULL	STATIC

Testing / Iain fergusson / Moire removal	-iain_moire_removal	5,5,0	DEFAULT	NULL	STATIC

Testing / Iain fergusson / Ms nlmeans c noise2	-ms_nlmeans_c_noise2_p	3,1,0,0,0,0,0,10,2,4,2,7,0,0,0,0	DEFAULT	NULL	STATIC

Testing / Iain fergusson / Ms patch chroma	-ms_patch_c	5,1,1,5,4,3,2,1,1,1.3,0.375,0.5,0.125,0	DEFAULT	NULL	STATIC

Testing / Iain fergusson / Multi scale patch smoothing	-ms_patch_smooth	10,5,3,5,0,1,1,7,5,4,3,2,1,1,1.3,0	DEFAULT	NULL	STATIC

#Testing / Iain fergusson / Noise reduction 3	-nr3	1,1,0,0,0,0,1,0.75,1,0,0.75,1,0	DEFAULT	NULL	STATIC

Testing / Iain fergusson / Noise reduction 5	-nr5	1.6,5,1,1,0.75,3,0,0.75,0.5,0,1,1,100,0,-100,0,1.3,0	DEFAULT	NULL	STATIC

Testing / Iain fergusson / Skin mask	-iain_gimp_skin_mask_pr	55,200,0,0,0,1	DEFAULT	NULL	STATIC

Testing / Iain fergusson / Smart demosaic	-iain_smartdemos	0,1.5,2	DEFAULT	NULL	STATIC

Testing / Iain fergusson / Star tone	-star_tone	100	DEFAULT	NULL	STATIC

Testing / Iain fergusson / Turbulent halftone	-iain_turbulent_halftone	15,20,0,1,512,0.75,0,0	DEFAULT	NULL	STATIC
Testing / Iain fergusson / Turbulent halftone	-iain_turbulent_halftone	15,20,0,1,512,0.75,1,0	CUSTOM	NULL	STATIC
Testing / Iain fergusson / Turbulent halftone	-iain_turbulent_halftone	15,20,0,1,512,0.75,2,0	CUSTOM	NULL	STATIC

####################################
# Testing / Jayprich
####################################

Testing / Jayprich / Jpr colourillusion	-jpr_colourillusion	2,25	DEFAULT	NULL	STATIC

Testing / Jayprich / Jpr coltexindex	-jpr_coltexindex	5,55,55,45,45,1,1,0,0.05,0.5,0.95,0.5,1,2,0.7	DEFAULT	NULL	STATIC

Testing / Jayprich / Jpr decimate	-jpr_decimate	0.375,2	DEFAULT	NULL	STATIC

Testing / Jayprich / Jpr gradient smooth	-jpr_gradient_smooth	0,1.5	DEFAULT	NULL	STATIC

Testing / Jayprich / Jpr line edges	-jpr_line_edges	2,2,4,1	DEFAULT	NULL	STATIC

Testing / Jayprich / Jpr orientedthinning	-jpr_orientedthinning	5,15,1,0,0	DEFAULT	NULL	STATIC

Testing / Jayprich / Jpr phasecongruence	-jpr_phasecongruence	45,1,50,1	DEFAULT	NULL	STATIC
Testing / Jayprich / Jpr phasecongruence	-jpr_phasecongruence	45,1,50,0	CUSTOM	NULL	STATIC

Testing / Jayprich / Jpr remove blocks1	-jpr_remove_blocks1	4,3,70	DEFAULT	NULL	STATIC

Testing / Jayprich / Jpr shapes gradient	-jpr_shapes_gradient	4.5,0.25,0.01,7	DEFAULT	NULL	STATIC

Testing / Jayprich / Jpr specularbumps	-jpr_specularbumps	270,1,13,0,80,0.1,0.1,0	DEFAULT	NULL	STATIC

Testing / Jayprich / Jpr warpfromthreshold	-jpr_warpfromthreshold	170,2,10,2	DEFAULT	NULL	STATIC

####################################
# Testing / Lylejk
####################################

Testing / Lylejk / Lylejk's stencil	-gimp_lylejk_stencil	5,10,3,0	DEFAULT	NULL	STATIC

####################################
# Testing / Naggobot
####################################

Testing / Naggobot / Abstract flood	-gimp_AbstractFlood	1,10,7,2,0,10,5,3,255,255,255,255,0,300,10,90,0.7,0,0,0	DEFAULT	NULL	STATIC

Testing / Naggobot / Composition analysis	-gimp_CompositionAnalysis	0	DEFAULT	NULL	STATIC
Testing / Naggobot / Composition analysis	-gimp_CompositionAnalysis	1	CUSTOM	NULL	STATIC

Testing / Naggobot / Dodge sketch	-gimp_dodgesketch	3,10,7,2,0,0	DEFAULT	NULL	STATIC

Testing / Naggobot / Exposure fusion weight map	-gimp_ExposureWeightMap	0.3,0.3,0.2,0.3,1,0	DEFAULT	NULL	STATIC
Testing / Naggobot / Exposure fusion weight map	-gimp_ExposureWeightMap	0.3,0.3,0.2,0.3,0,0	CUSTOM	NULL	STATIC

Testing / Naggobot / Gmic structure tensors	-gimp_StructureTensors	0.1,0	DEFAULT	NULL	STATIC

Testing / Naggobot / Luminance to alpha	-gimp_split_luminance	1,1,1,0,"-keep[-1]"	DEFAULT	NULL	MERGE

Testing / Naggobot / Mapped smoothing	-gimp_MappedSmooth	0,0,0,300,1,0	DEFAULT	NULL	STATIC

Testing / Naggobot / Night hdr image black noise correction	-gimp_fix_HDR_black	20,25,50,200,0,0	DEFAULT	NULL	STATIC

Testing / Naggobot / Noise painting	-gimp_noisepainting	0,0,0,5,2.5,1.5,50,1,0	DEFAULT	NULL	STATIC

Testing / Naggobot / Smooth sketch	-gimp_SmoothSketch	1,6,0.8,0.3,0.3,0,1000,0,50,10,2,0.6,0.55,1,0	DEFAULT	NULL	STATIC
Testing / Naggobot / Smooth sketch	-gimp_SmoothSketch	0,6,0.8,0.3,0.3,0,1000,0,50,10,2,0.6,0.55,1,0	CUSTOM	NULL	STATIC

Testing / Naggobot / Vector field rotation demo	-gimp_DemoVecRot	0	DEFAULT	NULL	STATIC

Testing / Naggobot / Warp test	-gimp_WarpTest	0,0,0,1,0	DEFAULT	NULL	STATIC

####################################
# Testing / Okyl168
####################################

Testing / Okyl168 / Jobs colors	-gimp_jobs_colors	0,0,0	DEFAULT	NULL	STATIC

####################################
# Testing / Photocomix
####################################

Testing / Photocomix / B&W steampunk pencil	-gimp_steampen	0.95,14,2,2,0.9,0,1,0,0.5,0.75,0.48,0	DEFAULT	NULL	STATIC

Testing / Photocomix / Boost screen	-gimp_compose_boostscreen	0.7,0,0.7	DEFAULT	NULL	STATIC

Testing / Photocomix / Color doping	-gimp_compose_colordoping	1,0	DEFAULT	NULL	STATIC

Testing / Photocomix / Color sketch	-gimp_colorsketchbw	300,50,1,0.1,20,1,0,20,2,0,1,0	DEFAULT	NULL	STATIC
Testing / Photocomix / Color sketch	-gimp_colorsketchbw	300,50,1,0.1,20,1,0,20,2,2,1,0	CUSTOM	NULL	STATIC
Testing / Photocomix / Color sketch	-gimp_colorsketchbw	300,50,1,0.1,20,1,0,20,2,3,1,0	CUSTOM	NULL	STATIC
Testing / Photocomix / Color sketch	-gimp_colorsketchbw	300,50,1,0.1,20,1,0,20,2,5,1,0	CUSTOM	NULL	STATIC
Testing / Photocomix / Color sketch	-gimp_colorsketchbw	300,50,1,0.1,20,1,0,20,2,6,1,0	CUSTOM	NULL	STATIC

Testing / Photocomix / Color stamp	-gimp_colorstamp	1,50,1,20,2,0	DEFAULT	NULL	STATIC
Testing / Photocomix / Color stamp	-gimp_colorstamp	0,50,1,20,2,0	CUSTOM	NULL	STATIC

Testing / Photocomix / Comix colors	-gimp_compose_comix_color	1,0,1	DEFAULT	NULL	STATIC

Testing / Photocomix / Dark edges	-gimp_compose_darkedges	1,0.5,0,0.7	DEFAULT	NULL	STATIC

Testing / Photocomix / Dark screen	-gimp_compose_darkscreen	0.7,0,0.7	DEFAULT	NULL	STATIC

Testing / Photocomix / Heavy screen	-gimp_compose_heavyscreen	0.6,0,0.7	DEFAULT	NULL	STATIC

Testing / Photocomix / Metallic grain	-gimp_metalgrain	0.5,0,0	DEFAULT	NULL	STATIC

Testing / Photocomix / Metallic stencils	-gimp_metallicstencils	0,0	DEFAULT	NULL	STATIC

Testing / Photocomix / Phoenix steam-pencil	-gimp_phoenix	0.95,14,2,2,0.9,0,0,0,1,1,0	DEFAULT	NULL	STATIC

Testing / Photocomix / Photocomix smoothing	-gimp_anisotropic_smoothing	60,0.16,0.63,0.6,2.35,0.8,30,2,0,1,1,0,1	DEFAULT	NULL	STATIC
Testing / Photocomix / Psychedelic glasswork tiler	-gimp_psyglass	0,20,0.1,1,1,0,1,1,0,1,1,0,0,2,0,0,0	DEFAULT	NULL	STATIC
Testing / Photocomix / Psychedelic glasswork tiler	-gimp_psyglass	1,20,0.1,1,1,0,1,1,0,1,1,0,0,2,0,0,0	CUSTOM	NULL	STATIC
Testing / Photocomix / Psychedelic glasswork tiler	-gimp_psyglass	0,20,0.1,1,0,0,1,1,0,1,1,0,0,2,0,0,0	CUSTOM	NULL	STATIC
Testing / Photocomix / Psychedelic glasswork tiler	-gimp_psyglass	0,20,0.1,1,1,0,1,1,0,0,1,0,0,2,0,0,0	CUSTOM	NULL	STATIC

Testing / Photocomix / Scale down neat	-gimp_scaledown3	0,1,1,1,1600,1600,0,2.3,1,3,0	DEFAULT	NULL	STATIC

Testing / Photocomix / Symmetry master	-gimp_viral	3,0,0,0,0,0	DEFAULT	NULL	STATIC

Testing / Photocomix / Wild cartoonizer	-gimp_m_l_unsharp2	12,2.18,0.3,1.5,1,0.5,0,0.5,0.8,1.28,0	DEFAULT	NULL	STATIC
Testing / Photocomix / Wild cartoonizer	-gimp_m_l_unsharp2	12,2.18,0.3,1.5,1,0.5,1,0.5,0.8,1.28,0	CUSTOM	NULL	STATIC

####################################
# Testing / Rl
####################################

Testing / Rl / Randomwaves	-randomwaves	84,80,1.2,42	DEFAULT	NULL	STATIC

####################################
# Testing / Ronounours
####################################

Testing / Ronounours / Auto-adjust orientation	-gimp_adjust_orientation	5	DEFAULT	NULL	STATIC

Testing / Ronounours / Faded mirror	-gimp_faded_mirror	0,10,10	DEFAULT	NULL	STATIC

Testing / Ronounours / Graduated color accent	-gimp_gca	255,255,255,1,0,0,0	DEFAULT	NULL	STATIC

Testing / Ronounours / Grain [old]	-gimp_grain	40,5,0,2,0.8,0.5,0.5,1,0,0.5,0.6,0.2,0.5,0	DEFAULT	NULL	STATIC

Testing / Ronounours / Layer info	-gimp_layer_info	1	DEFAULT	NULL	STATIC

Testing / Ronounours / Perspective scale	-gimp_perspective_scale	2,75,0,0,0	DEFAULT	NULL	STATIC

Testing / Ronounours / Shaded segmentation	-dt_segment_shaded	1,0.7,1	DEFAULT	NULL	STATIC

####################################
# Testing / Samj
####################################

##################
# Testing / Samj / Arrays & tiles
##################

Testing / Samj / Arrays & tiles / Hearts	-samj_en_Coeurs_Hearts_002	16,100,0,0,1,0,255,255,255,255,0,0,0,1,1	DEFAULT	NULL	STATIC

##################
# Testing / Samj / Artistic
##################

Testing / Samj / Artistic / Chalk it up	-samj_chalkitup	5,2.5,1.5,50,1,5,5,0,0,7,0.8,1.9,7,0	DEFAULT	NULL	STATIC

Testing / Samj / Artistic / Colored engraving	-Engrave_colore_en	0,0.5,4,0,8,40,0,25,1,2,0,0,0,255,255,255	DEFAULT	NULL	STATIC
Testing / Samj / Artistic / Colored engraving	-Engrave_colore_en	2,0.5,4,0,8,40,0,25,1,2,0,0,0,255,255,255	CUSTOM	NULL	STATIC

Testing / Samj / Artistic / Granular texture	-samj_en_Texture_Granuleuse	0.5,20,80,0,0,0	DEFAULT	NULL	STATIC

Testing / Samj / Artistic / Samj angoisse	-samj_Angoisse	1,5,0,5,100,2,4,1,250	DEFAULT	NULL	STATIC

Testing / Samj / Artistic / Samj impressions	-samj_Impressions	10,5,5,1,1,0,2,0,1,5,0,5,100,2,4,1,250,1.2	DEFAULT	NULL	STATIC

Testing / Samj / Artistic / Variations on a single color	-samj_texture_coloree_en	0,0.7,200,125,50,5,5,45,200,4,0.2,1,10,1,1	DEFAULT	NULL	STATIC
Testing / Samj / Artistic / Variations on a single color	-samj_texture_coloree_en	1,0.7,200,125,50,5,5,45,200,4,0.2,1,10,1,1	CUSTOM	NULL	STATIC
Testing / Samj / Artistic / Variations on a single color	-samj_texture_coloree_en	2,0.7,200,125,50,5,5,45,200,4,0.2,1,10,1,1	CUSTOM	NULL	STATIC

##################
# Testing / Samj / Black & white
##################

Testing / Samj / Black & white / Hard sketch xy	-XY_hardsketchbw_samj_en	0.2,300,50,1,0.1,20,0,0,0,0,180,40,160,255,0	DEFAULT	NULL	STATIC

##################
# Testing / Samj / Colors
##################

Testing / Samj / Colors / Couleurs metalliques	-Couleurs_Metalliques_samj_en	0,0,22,0,0,0,0,6,5,20,1,0,0,0,0.3,60,1,1,0	DEFAULT	NULL	STATIC

##################
# Testing / Samj / Contours
##################

Testing / Samj / Contours / Samj contours arrondis	-samj_Contours_Arrondis	1,3,5,10,0,0	DEFAULT	NULL	STATIC

##################
# Testing / Samj / Deformations
##################

Testing / Samj / Deformations / Samj cercle polaire	-samj_Cercle_Polaire	1,0,0,1,0,0,2,0,0,0,50,50	DEFAULT	NULL	STATIC

##################
# Testing / Samj / Degradations
##################

Testing / Samj / Degradations / Deteriorated areas	-samj_Zones_Grises_en	3,0,3,4,1	DEFAULT	NULL	STATIC
Testing / Samj / Degradations / Deteriorated areas	-samj_Zones_Grises_en	3,1,3,4,1	CUSTOM	NULL	STATIC
Testing / Samj / Degradations / Deteriorated areas	-samj_Zones_Grises_en	3,2,3,4,1	CUSTOM	NULL	STATIC

##################
# Testing / Samj / Patterns
##################

Testing / Samj / Patterns / Motifs degrades cie	-samj_Degrades_XYZ_CIE	6,800,240,240,40,255,120,40,240,255,0,0,0,100,64,64,0,0,1,0,100,-128,127,-128,127,0,11,0,0	DEFAULT	NULL	STATIC

Testing / Samj / Patterns / Points aleatoires 001	-samj_Points_Aleatoires_001	10,255,255,0,255,3,0,1	DEFAULT	NULL	STATIC

##################
# Testing / Samj / Rendering
##################

Testing / Samj / Rendering / Adjacent rectangles	-samj_en_Rectangles_Adjacents	10,10,80,80,0,50,6,0,0,0,0,0,255,1,255,255,0,127,0,0,255,127,0,0,0,0,0,0,0,0.5,0.5,1.8,0,0,0,0	DEFAULT	NULL	STATIC

Testing / Samj / Rendering / Chryzodes	-samj_en_Chryzodes	100,0,0,0,255,0,50,50,45,79,3,1,240,128,64,255,0,0,0,0,0,0,0,0,0,0,0	DEFAULT	NULL	STATIC

Testing / Samj / Rendering / Dessiner un polygone - draw a polygon	-samj_dessiner_un_polygone	5,50,50,0,40,50,1,255,255,0,0,0,0,0,1,0,0,255,0,0,255,0,0,0,127,127,127,0,0,0,0,0,255,255,255,0,0,0,0,1,255,0,0,0,1	DEFAULT	NULL	STATIC

Testing / Samj / Rendering / Egg oeuf granville	-samj_Egg_Oeuf_Granville	50,50,0,20,30,10,0,0,0,0,255,1,255,255,0,127,0,0,0,0,0,0,0,0.5,0.5,1.8,0,0,0,0	DEFAULT	NULL	STATIC

Testing / Samj / Rendering / Egg oeuf hugelschaffer	-samj_Egg_Oeuf_Hugelschaffer	50,50,50,6,48,0,0,0,0,0,255,1,255,255,0,127,0,0,0,0,0,0,0,0.5,0.5,1.8,0,0,0,0	DEFAULT	NULL	STATIC

Testing / Samj / Rendering / Egg oeuf rosillo	-samj_Egg_Oeuf_Rosillo	50,50,40,200,300,0,0,0,0,255,1,255,255,0,127,0,0,0,0,0,0,0,0.5,0.5,1.8,0,0,0,0	DEFAULT	NULL	STATIC

Testing / Samj / Rendering / Etoile de pompei triangles sierpinski	-samj_Etoile_De_Pompei_Triangles_Sierpinski	50,50,30,100,0,0,0,255,0,5,255,0,0,127,255,0,255,127,0,0,255,127,0,255,255,127,255,255,0,127,0,63,255,64,0,0,0,0,0,0,0,0.5,0.5,1.8,0,0,0,0	DEFAULT	NULL	STATIC

Testing / Samj / Rendering / Etoiles remplies triangles sierpinski	-samj_Etoiles_Remplies_Triangles_Sierpinski	6,50,50,50,40,30,0,0,0,0,0,255,1,4,255,0,0,127,255,192,64,127,0,0,255,127,0,255,255,127,255,255,0,127,0,0,0,0,0,0,0,0.5,0.5,1.8,0,0,0,0	DEFAULT	NULL	STATIC

Testing / Samj / Rendering / Hawaiian earring	-samj_en_Hawaiian_Earring	50,50,40,6,0,0,0,0,0,255,1,255,255,0,127,0,0,255,127,0,0,0,0,0,0,0,0.5,0.5,1.8,0,0,0,0	DEFAULT	NULL	STATIC

Testing / Samj / Rendering / Lines of varying thickness	-samj_Lignes_Epaisseur_Variable	0,32,3,0,0,0,255,255,255,255,255,0,0,1,0,0,0,0,0,0,0.5,0.5,1.8,0,0	DEFAULT	NULL	STATIC

Testing / Samj / Rendering / Pappus chain	-samj_en_Cercles_Tangents_Dans_Cercle	50,50,50,40,0,0,0,0,255,1,127,127,127,127,255,0,0,127,0,255,0,127,0,0,255,127,255,0,255,127,255,255,0,127,0,255,255,127,192,128,64,127,64,192,128,127,128,64,192,127,192,64,128,127,0,0,0,0,0,0,0,0.5,0.5,1.8,0,0,0,0	DEFAULT	NULL	STATIC

Testing / Samj / Rendering / Pintograph	-Pintograph_samj_en	50,50,192,128,64,255,0,0,1000,0,400,150,200,200,100,4,4.05,4.16,4.32,75,150,75,60,0,0,0,1,1	DEFAULT	NULL	STATIC

Testing / Samj / Rendering / Poisson d avril	-samj_Poisson_D_Avril	50,50,40,2,0,0,0,0,255,1,250,60,10,255,255,255,255,255,0,0,0,0,0,0,0,0.5,0.5,1.8,0,0,0,0	DEFAULT	NULL	STATIC

Testing / Samj / Rendering / Rosace triangles sierpinski	-samj_Rosace_Triangles_Sierpinski	6,6,50,50,50,-15,25,5,30,0,0,0,255,0,0,0,0,3,0,0,255,127,255,255,0,127,128,64,192,127,64,128,192,127,0,255,255,127,0,0,0,0,0,0,0,0,0.5,0.5,1.8,0,0,0,0	DEFAULT	NULL	STATIC

Testing / Samj / Rendering / Straight lines	-samj_en_Des_Lignes_002	100,0,0,192,128,64,255,0,0,1,50,50,0,0,0,0,1	DEFAULT	NULL	STATIC

Testing / Samj / Rendering / Superposition triangles sierpinski	-samj_Superposition_Triangles_Sierpinski	6,6,50,50,50,1,20,30,0,0,0,255,1,4,0,0,255,127,255,255,0,127,128,64,192,127,64,128,192,127,0,255,255,127,0,0,0,0,0,0,0,0,0.5,0.5,1.8,0,0,0,0	DEFAULT	NULL	STATIC

#Testing / Samj / Rendering / Traits strokes	-Traits_Strokes_samj	50,50,35,0,100,0,30,0,360,240,60,120,255,0,0,0,20,0,0,0,1,1	DEFAULT	NULL	STATIC

Testing / Samj / Rendering / Triangles shades adjacents	-Triangles_Shades_Adjacents	0,50,50,60,-1,0,255,255,255,255,0,221,72,0,255,0,145,255,0,255,144,72,255,0,255,217,0,255,0,0,5,0,0,128,128,128,1,0,3,1,0	DEFAULT	NULL	MERGE

##################
# Testing / Samj / Repair
##################

Testing / Samj / Repair / Samj corline	-samj_CorLine	0,10,0.5,0,0,50,1,0	DEFAULT	NULL	MERGE

Testing / Samj / Repair / Samj corline b	-samj_CorLine_B	0,1,10,0,0,0,0.5,0,0,50,1,0	DEFAULT	NULL	MERGE

##################
# Testing / Samj / Various
##################

Testing / Samj / Various / Cekoasa 001	-samj_CeKoaSa_001	0,15,3,1,3,0	DEFAULT	NULL	STATIC

Testing / Samj / Various / Cekoasa 002	-samj_CeKoaSa_002	0,15,3,1,3,1,0	DEFAULT	NULL	STATIC

Testing / Samj / Various / Cekoasa 003	-samj_CeKoaSa_003	0,5,1,1,3,0	DEFAULT	NULL	STATIC

Testing / Samj / Various / Cekoasa 004	-samj_CeKoaSa_004	30,0,0,0.8,0,0	DEFAULT	NULL	STATIC

Testing / Samj / Various / Cekoasa 005	-samj_CeKoaSa_005	16,16,0,0,0.2,1,1,0,1,0	DEFAULT	NULL	STATIC

Testing / Samj / Various / Samj test a	-samj_test_A	64,192,500	DEFAULT	NULL	STATIC

Testing / Samj / Various / Samj test b	-samj_test_B	100	DEFAULT	NULL	MERGE

Testing / Samj / Various / Samj test c	-samj_test_C	100	DEFAULT	NULL	MERGE

#Testing / Samj / Various / Samj test e	-samj_test_E	0,0.7,0.3,0.6,1.1,0,200,125,50,0,1	DEFAULT	NULL	STATIC

Testing / Samj / Various / Samj test f	-samj_test_F	40,50,1	DEFAULT	NULL	STATIC

#Testing / Samj / Various / Test courbes	-samj_test_x_color_curves	1,0	DEFAULT	NULL	STATIC

####################################
# Testing / Telperion
####################################

Testing / Telperion / Mc pendraw	-mc_pendraw	8,0.8,450,21,0.5,1,0,0,255,0,0	DEFAULT	NULL	STATIC

####################################
# Testing / Tom keil
####################################

Testing / Tom keil / Beauty retouch	-gimp_tk_retouch	30,3,1,20,1.5,1,2.5,0,0,0	DEFAULT	NULL	STATIC

Testing / Tom keil / Dof manipulation	-gimp_tk_dof	50,50,30,60,5,15,2,0,0,200,40,2,0,0,0,0,0.01,0,1,0,0	DEFAULT	NULL	STATIC

Testing / Tom keil / Infrared simulation	-gimp_tk_infrared	0.75,0.5,-100,0.75,0,1,0,0,1,1,0,50,0	DEFAULT	NULL	STATIC
Testing / Tom keil / Infrared simulation	-gimp_tk_infrared	0.75,0.5,-100,0.75,0,1,0,0,1,1,1,50,0	CUSTOM	NULL	STATIC

########################################################################
##
## Various
##
########################################################################

Various / Histogram analysis	-gimp_display_histogram	256,0	DEFAULT	NULL	STATIC

Various / Solve maze	-gimp_solve_maze	5,5,95,95,0.1,3,255,0,0,0	DEFAULT	NULL	MERGE
